run_name,run_type,timestamp,frontend_rps
test_01,test,2026-06-17 04:34:00,1.570646364608102
test_01,test,2026-06-17 04:34:05,1.570646364608102
test_01,test,2026-06-17 04:34:10,2.3346303501945527
test_01,test,2026-06-17 04:34:15,13.297927087836309
test_01,test,2026-06-17 04:34:20,13.297927087836309
test_01,test,2026-06-17 04:34:25,19.73181832065732
test_01,test,2026-06-17 04:34:30,25.05341656541958
test_01,test,2026-06-17 04:34:35,25.05341656541958
test_01,test,2026-06-17 04:34:40,25.05341656541958
test_01,test,2026-06-17 04:34:45,34.33319078746411
test_01,test,2026-06-17 04:34:50,32.85445358169028
test_01,test,2026-06-17 04:34:55,32.85445358169028
test_01,test,2026-06-17 04:35:00,33.12351035873617
test_01,test,2026-06-17 04:35:05,30.88075085896254
test_01,test,2026-06-17 04:35:10,30.88075085896254
test_01,test,2026-06-17 04:35:15,28.228393364494547
test_01,test,2026-06-17 04:35:20,27.75439820992342
test_01,test,2026-06-17 04:35:25,27.75439820992342
test_01,test,2026-06-17 04:35:30,26.399018911766603
test_01,test,2026-06-17 04:35:35,24.22476405862654
test_01,test,2026-06-17 04:35:40,24.22476405862654
test_01,test,2026-06-17 04:35:45,24.22476405862654
test_01,test,2026-06-17 04:35:50,26.679208174783007
test_01,test,2026-06-17 04:35:55,26.679208174783007
test_01,test,2026-06-17 04:36:00,26.679208174783007
test_01,test,2026-06-17 04:36:05,29.01873444255208
test_01,test,2026-06-17 04:36:10,29.01873444255208
test_01,test,2026-06-17 04:36:15,29.01873444255208
test_01,test,2026-06-17 04:36:20,34.248642124321066
test_01,test,2026-06-17 04:36:25,34.248642124321066
test_01,test,2026-06-17 04:36:30,34.248642124321066
test_01,test,2026-06-17 04:36:35,36.09886615347501
test_01,test,2026-06-17 04:36:40,36.09886615347501
test_01,test,2026-06-17 04:36:45,36.09886615347501
test_01,test,2026-06-17 04:36:50,37.01484873122513
test_01,test,2026-06-17 04:36:55,37.01484873122513
test_01,test,2026-06-17 04:37:00,37.01484873122513
test_01,test,2026-06-17 04:37:05,38.53572899282602
test_01,test,2026-06-17 04:37:10,38.53572899282602
test_01,test,2026-06-17 04:37:15,38.53572899282602
test_01,test,2026-06-17 04:37:20,38.4393063583815
test_01,test,2026-06-17 04:37:25,47.90330118536772
test_01,test,2026-06-17 04:37:30,47.90330118536772
test_01,test,2026-06-17 04:37:35,53.72902725244885
test_01,test,2026-06-17 04:37:40,60.08751877734962
test_01,test,2026-06-17 04:37:45,60.08751877734962
test_01,test,2026-06-17 04:37:50,69.69677377642722
test_01,test,2026-06-17 04:37:55,62.42903357113782
test_01,test,2026-06-17 04:38:00,62.42903357113782
test_01,test,2026-06-17 04:38:05,60.37146667534073
test_01,test,2026-06-17 04:38:10,59.79187617506888
test_01,test,2026-06-17 04:38:15,59.79187617506888
test_01,test,2026-06-17 04:38:20,59.79187617506888
test_01,test,2026-06-17 04:38:25,57.48764112859702
test_01,test,2026-06-17 04:38:30,57.48764112859702
test_01,test,2026-06-17 04:38:35,57.48764112859702
test_01,test,2026-06-17 04:38:40,62.966213251426076
test_01,test,2026-06-17 04:38:45,62.966213251426076
test_01,test,2026-06-17 04:38:50,62.966213251426076
test_01,test,2026-06-17 04:38:55,62.471881226299885
test_01,test,2026-06-17 04:39:00,62.471881226299885
test_01,test,2026-06-17 04:39:05,62.471881226299885
test_01,test,2026-06-17 04:39:10,60.82825346551836
test_01,test,2026-06-17 04:39:15,60.82825346551836
test_01,test,2026-06-17 04:39:20,60.82825346551836
test_01,test,2026-06-17 04:39:25,59.424267568775136
test_01,test,2026-06-17 04:39:30,59.424267568775136
test_01,test,2026-06-17 04:39:35,59.424267568775136
test_01,test,2026-06-17 04:39:40,63.28148825861543
test_01,test,2026-06-17 04:39:45,63.28148825861543
test_01,test,2026-06-17 04:39:50,63.28148825861543
test_01,test,2026-06-17 04:39:55,65.44300540355091
test_01,test,2026-06-17 04:40:00,65.44300540355091
test_01,test,2026-06-17 04:40:05,65.4430054035509
test_01,test,2026-06-17 04:40:10,66.10395574118212
test_01,test,2026-06-17 04:40:15,66.10395574118212
test_01,test,2026-06-17 04:40:20,66.10395574118212
test_01,test,2026-06-17 04:40:25,64.62739993491701
test_01,test,2026-06-17 04:40:30,63.26843708809612
test_01,test,2026-06-17 04:40:35,63.26843708809612
test_01,test,2026-06-17 04:40:40,61.116930731962825
test_01,test,2026-06-17 04:40:45,57.12780205062903
test_01,test,2026-06-17 04:40:50,57.12780205062901
test_01,test,2026-06-17 04:40:55,54.897210946706835
test_01,test,2026-06-17 04:41:00,56.754321993908455
test_01,test,2026-06-17 04:41:05,56.754321993908455
test_01,test,2026-06-17 04:41:10,54.8386058636115
test_01,test,2026-06-17 04:41:15,58.624356998676014
test_01,test,2026-06-17 04:41:20,58.624356998676014
test_01,test,2026-06-17 04:41:25,58.624356998676014
test_01,test,2026-06-17 04:41:30,63.111243687810294
test_01,test,2026-06-17 04:41:35,63.111243687810294
test_01,test,2026-06-17 04:41:40,63.111243687810294
test_01,test,2026-06-17 04:41:45,69.3663046796633
test_01,test,2026-06-17 04:41:50,69.3663046796633
test_01,test,2026-06-17 04:41:55,69.3663046796633
test_01,test,2026-06-17 04:42:00,69.55606171300873
test_01,test,2026-06-17 04:42:05,69.55606171300873
test_01,test,2026-06-17 04:42:10,69.55606171300873
test_01,test,2026-06-17 04:42:15,73.75380371724424
test_01,test,2026-06-17 04:42:20,73.75380371724424
test_01,test,2026-06-17 04:42:25,73.75380371724424
test_01,test,2026-06-17 04:42:30,70.42802398839551
test_01,test,2026-06-17 04:42:35,70.42802398839551
test_01,test,2026-06-17 04:42:40,70.42802398839551
test_01,test,2026-06-17 04:42:45,71.21668241446747
test_01,test,2026-06-17 04:42:50,71.21668241446747
test_01,test,2026-06-17 04:42:55,71.21668241446747
test_01,test,2026-06-17 04:43:00,69.55008379528168
test_01,test,2026-06-17 04:43:05,69.55008379528168
test_01,test,2026-06-17 04:43:10,69.55008379528168
test_01,test,2026-06-17 04:43:15,71.90493776204029
test_01,test,2026-06-17 04:43:20,71.90493776204029
test_01,test,2026-06-17 04:43:25,71.90493776204029
test_01,test,2026-06-17 04:43:30,73.11571552863082
test_01,test,2026-06-17 04:43:35,72.36294573312564
test_01,test,2026-06-17 04:43:40,72.36294573312564
test_01,test,2026-06-17 04:43:45,73.53704424549112
test_01,test,2026-06-17 04:43:50,70.08815571266474
test_01,test,2026-06-17 04:43:55,70.08815571266474
test_01,test,2026-06-17 04:44:00,67.04943557804593
test_01,test,2026-06-17 04:44:05,58.619799509529756
test_01,test,2026-06-17 04:44:10,58.619799509529756
test_01,test,2026-06-17 04:44:15,52.28651575445234
test_01,test,2026-06-17 04:44:20,48.11756718281171
test_01,test,2026-06-17 04:44:25,48.11756718281171
test_01,test,2026-06-17 04:44:30,48.11756718281171
test_01,test,2026-06-17 04:44:35,48.373463947465375
test_01,test,2026-06-17 04:44:40,48.373463947465375
test_01,test,2026-06-17 04:44:45,48.373463947465375
test_01,test,2026-06-17 04:44:50,57.713871116680956
test_01,test,2026-06-17 04:44:55,57.713871116680956
test_01,test,2026-06-17 04:45:00,57.713871116680956
test_01,test,2026-06-17 04:45:05,66.39548898071627
test_01,test,2026-06-17 04:45:10,66.39548898071627
test_01,test,2026-06-17 04:45:15,66.39548898071627
test_01,test,2026-06-17 04:45:20,62.86422545011742
test_01,test,2026-06-17 04:45:25,62.86422545011742
test_01,test,2026-06-17 04:45:30,62.86422545011742
test_01,test,2026-06-17 04:45:35,58.3443793560525
test_01,test,2026-06-17 04:45:40,58.3443793560525
test_01,test,2026-06-17 04:45:45,58.3443793560525
test_01,test,2026-06-17 04:45:50,62.67470300489167
test_01,test,2026-06-17 04:45:55,62.67470300489167
test_01,test,2026-06-17 04:46:00,62.67470300489167
test_01,test,2026-06-17 04:46:05,63.1963036531652
test_01,test,2026-06-17 04:46:10,63.1963036531652
test_01,test,2026-06-17 04:46:15,63.1963036531652
test_01,test,2026-06-17 04:46:20,65.23171535251483
test_01,test,2026-06-17 04:46:25,65.23171535251483
test_01,test,2026-06-17 04:46:30,65.23171535251483
test_01,test,2026-06-17 04:46:35,57.6923076923077
test_01,test,2026-06-17 04:46:40,57.6923076923077
test_01,test,2026-06-17 04:46:45,57.6923076923077
test_01,test,2026-06-17 04:46:50,61.058462071054564
test_01,test,2026-06-17 04:46:55,61.058462071054564
test_01,test,2026-06-17 04:47:00,61.058462071054564
test_01,test,2026-06-17 04:47:05,60.541995002882956
test_01,test,2026-06-17 04:47:10,63.17440800491827
test_01,test,2026-06-17 04:47:15,63.17440800491827
test_01,test,2026-06-17 04:47:20,66.48790101121054
test_01,test,2026-06-17 04:47:25,65.11567172299723
test_01,test,2026-06-17 04:47:30,65.11567172299725
test_01,test,2026-06-17 04:47:35,65.397912695079
test_01,test,2026-06-17 04:47:40,59.435841418749604
test_01,test,2026-06-17 04:47:45,59.435841418749604
test_01,test,2026-06-17 04:47:50,54.821707444039575
test_01,test,2026-06-17 04:47:55,54.11610364053788
test_01,test,2026-06-17 04:48:00,54.11610364053788
test_01,test,2026-06-17 04:48:05,54.11610364053788
test_01,test,2026-06-17 04:48:10,56.22420536312366
test_01,test,2026-06-17 04:48:15,56.22420536312366
test_01,test,2026-06-17 04:48:20,56.22420536312366
test_01,test,2026-06-17 04:48:25,62.49588265003622
test_01,test,2026-06-17 04:48:30,62.49588265003622
test_01,test,2026-06-17 04:48:35,62.49588265003622
test_01,test,2026-06-17 04:48:40,69.68065712998904
test_01,test,2026-06-17 04:48:45,69.68065712998904
test_01,test,2026-06-17 04:48:50,69.68065712998904
test_01,test,2026-06-17 04:48:55,71.82224536735669
test_01,test,2026-06-17 04:49:00,71.82224536735669
test_01,test,2026-06-17 04:49:05,71.82224536735669
test_01,test,2026-06-17 04:49:10,74.4708228784662
test_01,test,2026-06-17 04:49:15,71.59972965777132
test_01,test,2026-06-17 04:49:20,71.59972965777132
test_01,test,2026-06-17 04:49:25,70.34208918753818
test_01,test,2026-06-17 04:49:30,70.63555239012946
test_01,test,2026-06-17 04:49:35,70.63555239012946
test_01,test,2026-06-17 04:49:40,68.72537340786218
test_01,test,2026-06-17 04:49:45,67.27216431004231
test_01,test,2026-06-17 04:49:50,67.27216431004231
test_01,test,2026-06-17 04:49:55,67.67847837415322
test_01,test,2026-06-17 04:50:00,64.23945387712234
test_01,test,2026-06-17 04:50:05,64.23945387712234
test_01,test,2026-06-17 04:50:10,64.23945387712234
test_01,test,2026-06-17 04:50:15,63.681592039801004
test_01,test,2026-06-17 04:50:20,63.681592039801004
test_01,test,2026-06-17 04:50:25,63.681592039801004
test_01,test,2026-06-17 04:50:30,67.52482207187417
test_01,test,2026-06-17 04:50:35,67.52482207187417
test_01,test,2026-06-17 04:50:40,67.52482207187417
test_01,test,2026-06-17 04:50:45,70.73699577080784
test_01,test,2026-06-17 04:50:50,70.73699577080784
test_01,test,2026-06-17 04:50:55,70.73699577080784
test_01,test,2026-06-17 04:51:00,75.62368369628938
test_01,test,2026-06-17 04:51:05,75.62368369628938
test_01,test,2026-06-17 04:51:10,75.62368369628938
test_01,test,2026-06-17 04:51:15,74.3447688046026
test_01,test,2026-06-17 04:51:20,74.3447688046026
test_01,test,2026-06-17 04:51:25,74.3447688046026
test_01,test,2026-06-17 04:51:30,75.9924138382055
test_01,test,2026-06-17 04:51:35,75.9924138382055
test_01,test,2026-06-17 04:51:40,75.9924138382055
test_01,test,2026-06-17 04:51:45,71.05070749645176
test_01,test,2026-06-17 04:51:50,71.05070749645176
test_01,test,2026-06-17 04:51:55,71.05070749645176
test_01,test,2026-06-17 04:52:00,71.09669501183484
test_01,test,2026-06-17 04:52:05,71.09669501183484
test_01,test,2026-06-17 04:52:10,71.09669501183484
test_01,test,2026-06-17 04:52:15,70.78490270340865
test_01,test,2026-06-17 04:52:20,70.72108194802661
test_01,test,2026-06-17 04:52:25,70.72108194802661
test_01,test,2026-06-17 04:52:30,71.45198295640773
test_01,test,2026-06-17 04:52:35,73.36849044166118
test_01,test,2026-06-17 04:52:40,73.36849044166118
test_01,test,2026-06-17 04:52:45,73.87499590311691
test_01,test,2026-06-17 04:52:50,72.14058606169975
test_01,test,2026-06-17 04:52:55,72.14058606169975
test_01,test,2026-06-17 04:53:00,72.91297483648549
test_01,test,2026-06-17 04:53:05,71.07481101746458
test_01,test,2026-06-17 04:53:10,71.07481101746458
test_01,test,2026-06-17 04:53:15,71.07481101746458
test_01,test,2026-06-17 04:53:20,67.57304761701492
test_01,test,2026-06-17 04:53:25,67.57304761701492
test_01,test,2026-06-17 04:53:30,67.57304761701492
test_01,test,2026-06-17 04:53:35,59.12910618792972
test_01,test,2026-06-17 04:53:40,59.12910618792972
test_01,test,2026-06-17 04:53:45,59.12910618792972
test_01,test,2026-06-17 04:53:50,49.07407407407408
test_01,test,2026-06-17 04:53:55,49.07407407407408
test_01,test,2026-06-17 04:54:00,49.07407407407408
test_01,test,2026-06-17 04:54:05,37.69945642644223
test_01,test,2026-06-17 04:54:10,37.69945642644223
test_01,test,2026-06-17 04:54:15,37.69945642644223
test_01,test,2026-06-17 04:54:20,36.52304073559286
test_01,test,2026-06-17 04:54:25,36.52304073559286
test_01,test,2026-06-17 04:54:30,36.52304073559286
test_01,test,2026-06-17 04:54:35,36.540170347413365
test_01,test,2026-06-17 04:54:40,36.540170347413365
test_01,test,2026-06-17 04:54:45,36.540170347413365
test_01,test,2026-06-17 04:54:50,40.17241013228019
test_01,test,2026-06-17 04:54:55,40.17241013228019
test_01,test,2026-06-17 04:55:00,40.17241013228019
test_01,test,2026-06-17 04:55:05,42.57078808192048
test_01,test,2026-06-17 04:55:10,42.57078808192048
test_01,test,2026-06-17 04:55:15,42.57078808192048
test_01,test,2026-06-17 04:55:20,45.206320483407126
test_01,test,2026-06-17 04:55:25,49.32956346656385
test_01,test,2026-06-17 04:55:30,49.32956346656385
test_01,test,2026-06-17 04:55:35,52.165706661459865
test_01,test,2026-06-17 04:55:40,51.76259622113365
test_01,test,2026-06-17 04:55:45,51.76259622113365
test_01,test,2026-06-17 04:55:50,54.26507905524106
test_01,test,2026-06-17 04:55:55,51.6272636901932
test_01,test,2026-06-17 04:56:00,51.6272636901932
test_01,test,2026-06-17 04:56:05,48.6327165547732
test_01,test,2026-06-17 04:56:10,49.03596995915499
test_01,test,2026-06-17 04:56:15,49.03596995915499
test_01,test,2026-06-17 04:56:20,49.03596995915499
test_01,test,2026-06-17 04:56:25,46.42328246732342
test_01,test,2026-06-17 04:56:30,46.42328246732342
test_01,test,2026-06-17 04:56:35,46.42328246732342
test_01,test,2026-06-17 04:56:40,45.46638874413756
test_01,test,2026-06-17 04:56:45,45.46638874413756
test_01,test,2026-06-17 04:56:50,45.46638874413756
test_01,test,2026-06-17 04:56:55,46.2030035147513
test_01,test,2026-06-17 04:57:00,46.2030035147513
test_01,test,2026-06-17 04:57:05,46.2030035147513
test_01,test,2026-06-17 04:57:10,54.06406624536936
test_01,test,2026-06-17 04:57:15,54.06406624536936
test_01,test,2026-06-17 04:57:20,54.06406624536936
test_01,test,2026-06-17 04:57:25,61.82068135928169
test_01,test,2026-06-17 04:57:30,61.82068135928169
test_01,test,2026-06-17 04:57:35,61.82068135928169
test_01,test,2026-06-17 04:57:40,57.7697967764541
test_01,test,2026-06-17 04:57:45,57.7697967764541
test_01,test,2026-06-17 04:57:50,57.7697967764541
test_01,test,2026-06-17 04:57:55,55.632642442112555
test_01,test,2026-06-17 04:58:00,55.632642442112555
test_01,test,2026-06-17 04:58:05,55.632642442112555
test_01,test,2026-06-17 04:58:10,53.716372275136926
test_01,test,2026-06-17 04:58:15,53.716372275136926
test_01,test,2026-06-17 04:58:20,53.716372275136926
test_01,test,2026-06-17 04:58:25,61.03286384976525
test_01,test,2026-06-17 04:58:30,59.240124852007305
test_01,test,2026-06-17 04:58:35,59.240124852007305
test_01,test,2026-06-17 04:58:40,58.652729384436704
test_01,test,2026-06-17 04:58:45,53.461170536568396
test_01,test,2026-06-17 04:58:50,53.461170536568396
test_01,test,2026-06-17 04:58:55,49.49025680732998
test_01,test,2026-06-17 04:59:00,52.17168372252014
test_01,test,2026-06-17 04:59:05,52.17168372252014
test_01,test,2026-06-17 04:59:10,50.274252701957096
test_01,test,2026-06-17 04:59:15,49.44227368972518
test_01,test,2026-06-17 04:59:20,49.44227368972518
test_01,test,2026-06-17 04:59:25,49.44227368972518
test_01,test,2026-06-17 04:59:30,53.79378689301565
test_01,test,2026-06-17 04:59:35,53.79378689301565
test_01,test,2026-06-17 04:59:40,53.79378689301565
test_01,test,2026-06-17 04:59:45,52.18611586194798
test_01,test,2026-06-17 04:59:50,52.18611586194798
test_01,test,2026-06-17 04:59:55,52.18611586194798
test_01,test,2026-06-17 05:00:00,54.38874155188638
test_01,test,2026-06-17 05:00:05,54.38874155188638
test_01,test,2026-06-17 05:00:10,54.38874155188638
test_01,test,2026-06-17 05:00:15,55.322007454277546
test_01,test,2026-06-17 05:00:20,55.322007454277546
test_01,test,2026-06-17 05:00:25,55.322007454277546
test_01,test,2026-06-17 05:00:30,51.85845592137383
test_01,test,2026-06-17 05:00:35,51.85845592137383
test_01,test,2026-06-17 05:00:40,51.85845592137383
test_01,test,2026-06-17 05:00:45,49.26129811353597
test_01,test,2026-06-17 05:00:50,49.26129811353597
test_01,test,2026-06-17 05:00:55,49.26129811353597
test_01,test,2026-06-17 05:01:00,45.28035282279646
test_01,test,2026-06-17 05:01:05,45.28035282279646
test_01,test,2026-06-17 05:01:10,45.28035282279646
test_01,test,2026-06-17 05:01:15,47.8043235917725
test_01,test,2026-06-17 05:01:20,47.8043235917725
test_01,test,2026-06-17 05:01:25,47.8043235917725
test_01,test,2026-06-17 05:01:30,47.40523270874709
test_01,test,2026-06-17 05:01:35,47.40523270874709
test_01,test,2026-06-17 05:01:40,47.40523270874709
test_01,test,2026-06-17 05:01:45,48.18431157432803
test_01,test,2026-06-17 05:01:50,48.18431157432802
test_01,test,2026-06-17 05:01:55,48.18431157432802
test_01,test,2026-06-17 05:02:00,47.19542109566639
test_01,test,2026-06-17 05:02:05,48.05982301643419
test_01,test,2026-06-17 05:02:10,48.05982301643419
test_01,test,2026-06-17 05:02:15,49.33110367892976
test_01,test,2026-06-17 05:02:20,52.38952643339047
test_01,test,2026-06-17 05:02:25,52.38952643339047
test_01,test,2026-06-17 05:02:30,54.056661414284335
test_01,test,2026-06-17 05:02:35,53.793426430517705
test_01,test,2026-06-17 05:02:40,53.793426430517705
test_01,test,2026-06-17 05:02:45,55.9261658031088
test_01,test,2026-06-17 05:02:50,56.102877070619
test_01,test,2026-06-17 05:02:55,56.102877070619
test_01,test,2026-06-17 05:03:00,56.102877070619
test_01,test,2026-06-17 05:03:05,52.938652938652936
test_01,test,2026-06-17 05:03:10,52.938652938652936
test_01,test,2026-06-17 05:03:15,52.938652938652936
test_01,test,2026-06-17 05:03:20,47.65964889267833
test_01,test,2026-06-17 05:03:25,47.65964889267834
test_01,test,2026-06-17 05:03:30,47.65964889267834
test_01,test,2026-06-17 05:03:35,40.667632369792216
test_01,test,2026-06-17 05:03:40,40.66763236979222
test_01,test,2026-06-17 05:03:45,40.66763236979222
test_01,test,2026-06-17 05:03:50,36.18825804183511
test_01,test,2026-06-17 05:03:55,36.18825804183512
test_01,test,2026-06-17 05:04:00,36.18825804183512
test_01,test,2026-06-17 05:04:05,34.55232208773286
test_01,test,2026-06-17 05:04:10,34.55232208773286
test_01,test,2026-06-17 05:04:15,34.55232208773286
test_01,test,2026-06-17 05:04:20,35.0880999913202
test_01,test,2026-06-17 05:04:25,35.0880999913202
test_01,test,2026-06-17 05:04:30,35.0880999913202
test_01,test,2026-06-17 05:04:35,34.61587955218119
test_01,test,2026-06-17 05:04:40,35.35697560560262
test_01,test,2026-06-17 05:04:45,35.35697560560262
test_01,test,2026-06-17 05:04:50,36.900369003690045
test_01,test,2026-06-17 05:04:55,35.79910665649852
test_01,test,2026-06-17 05:05:00,35.79910665649852
test_01,test,2026-06-17 05:05:05,35.21605437773102
test_01,test,2026-06-17 05:05:10,33.0370942812983
test_01,test,2026-06-17 05:05:15,33.0370942812983
test_01,test,2026-06-17 05:05:20,31.085043988269792
test_01,test,2026-06-17 05:05:25,33.6616327423944
test_01,test,2026-06-17 05:05:30,33.6616327423944
test_01,test,2026-06-17 05:05:35,33.6616327423944
test_01,test,2026-06-17 05:05:40,33.72659378720641
test_01,test,2026-06-17 05:05:45,33.72659378720641
test_01,test,2026-06-17 05:05:50,33.72659378720641
test_01,test,2026-06-17 05:05:55,36.58858172548676
test_01,test,2026-06-17 05:06:00,36.58858172548676
test_01,test,2026-06-17 05:06:05,36.58858172548676
test_01,test,2026-06-17 05:06:10,23.223339348629374
test_01,test,2026-06-17 05:06:15,23.223339348629374
test_01,test,2026-06-17 05:06:20,23.22333934862937
test_01,test,2026-06-17 05:06:25,12.119369271534689
test_01,test,2026-06-17 05:06:30,12.119369271534689
train_01,train,2026-06-17 03:18:25,4.168037731709992
train_01,train,2026-06-17 03:18:30,4.168037731709992
train_01,train,2026-06-17 03:18:35,4.168037731709992
train_01,train,2026-06-17 03:18:40,11.824939482873118
train_01,train,2026-06-17 03:18:45,11.824939482873118
train_01,train,2026-06-17 03:18:50,11.824939482873118
train_01,train,2026-06-17 03:18:55,19.264144394307536
train_01,train,2026-06-17 03:19:00,19.264144394307536
train_01,train,2026-06-17 03:19:05,19.264144394307536
train_01,train,2026-06-17 03:19:10,22.44661692822228
train_01,train,2026-06-17 03:19:15,23.22811197141156
train_01,train,2026-06-17 03:19:20,23.22811197141156
train_01,train,2026-06-17 03:19:25,23.612368999870625
train_01,train,2026-06-17 03:19:30,24.435926474431568
train_01,train,2026-06-17 03:19:35,24.435926474431568
train_01,train,2026-06-17 03:19:40,25.423728813559325
train_01,train,2026-06-17 03:19:45,23.74109976837952
train_01,train,2026-06-17 03:19:50,23.74109976837952
train_01,train,2026-06-17 03:19:55,23.21568116697056
train_01,train,2026-06-17 03:20:00,22.64175708785439
train_01,train,2026-06-17 03:20:05,22.64175708785439
train_01,train,2026-06-17 03:20:10,22.64175708785439
train_01,train,2026-06-17 03:20:15,21.84917578851729
train_01,train,2026-06-17 03:20:20,21.84917578851729
train_01,train,2026-06-17 03:20:25,21.84917578851729
train_01,train,2026-06-17 03:20:30,28.540041744479844
train_01,train,2026-06-17 03:20:35,28.540041744479844
train_01,train,2026-06-17 03:20:40,28.540041744479844
train_01,train,2026-06-17 03:20:45,41.8813326464022
train_01,train,2026-06-17 03:20:50,41.8813326464022
train_01,train,2026-06-17 03:20:55,41.8813326464022
train_01,train,2026-06-17 03:21:00,55.372259604949
train_01,train,2026-06-17 03:21:05,55.372259604949
train_01,train,2026-06-17 03:21:10,55.372259604949
train_01,train,2026-06-17 03:21:15,59.33540929061981
train_01,train,2026-06-17 03:21:20,59.33540929061981
train_01,train,2026-06-17 03:21:25,59.33540929061981
train_01,train,2026-06-17 03:21:30,57.403527152086596
train_01,train,2026-06-17 03:21:35,57.403527152086596
train_01,train,2026-06-17 03:21:40,57.403527152086596
train_01,train,2026-06-17 03:21:45,55.232370934850266
train_01,train,2026-06-17 03:21:50,55.232370934850266
train_01,train,2026-06-17 03:21:55,55.232370934850266
train_01,train,2026-06-17 03:22:00,57.5511274252753
train_01,train,2026-06-17 03:22:05,57.5511274252753
train_01,train,2026-06-17 03:22:10,57.5511274252753
train_01,train,2026-06-17 03:22:15,57.59049162614802
train_01,train,2026-06-17 03:22:20,57.59049162614802
train_01,train,2026-06-17 03:22:25,57.59049162614802
train_01,train,2026-06-17 03:22:30,55.39928800597725
train_01,train,2026-06-17 03:22:35,55.39928800597725
train_01,train,2026-06-17 03:22:40,55.39928800597725
train_01,train,2026-06-17 03:22:45,53.07152691273848
train_01,train,2026-06-17 03:22:50,51.272688218236496
train_01,train,2026-06-17 03:22:55,51.272688218236496
train_01,train,2026-06-17 03:23:00,49.40577796386357
train_01,train,2026-06-17 03:23:05,50.92401572238269
train_01,train,2026-06-17 03:23:10,50.92401572238269
train_01,train,2026-06-17 03:23:15,50.85510000322072
train_01,train,2026-06-17 03:23:20,49.56069265546362
train_01,train,2026-06-17 03:23:25,49.56069265546361
train_01,train,2026-06-17 03:23:30,50.44904840644555
train_01,train,2026-06-17 03:23:35,55.95183561285258
train_01,train,2026-06-17 03:23:40,55.95183561285256
train_01,train,2026-06-17 03:23:45,55.95183561285256
train_01,train,2026-06-17 03:23:50,56.148923289803676
train_01,train,2026-06-17 03:23:55,56.148923289803676
train_01,train,2026-06-17 03:24:00,56.148923289803676
train_01,train,2026-06-17 03:24:05,64.06219031469533
train_01,train,2026-06-17 03:24:10,64.06219031469533
train_01,train,2026-06-17 03:24:15,64.06219031469533
train_01,train,2026-06-17 03:24:20,65.45399358251669
train_01,train,2026-06-17 03:24:25,65.45399358251669
train_01,train,2026-06-17 03:24:30,65.45399358251669
train_01,train,2026-06-17 03:24:35,70.82859392772771
train_01,train,2026-06-17 03:24:40,70.82859392772771
train_01,train,2026-06-17 03:24:45,70.82859392772771
train_01,train,2026-06-17 03:24:50,63.18875312948025
train_01,train,2026-06-17 03:24:55,63.18875312948025
train_01,train,2026-06-17 03:25:00,63.18875312948025
train_01,train,2026-06-17 03:25:05,57.88787483702738
train_01,train,2026-06-17 03:25:10,57.88787483702738
train_01,train,2026-06-17 03:25:15,57.88787483702738
train_01,train,2026-06-17 03:25:20,54.00153741031774
train_01,train,2026-06-17 03:25:25,54.00153741031774
train_01,train,2026-06-17 03:25:30,54.00153741031774
train_01,train,2026-06-17 03:25:35,57.775837607770384
train_01,train,2026-06-17 03:25:40,57.775837607770384
train_01,train,2026-06-17 03:25:45,57.775837607770384
train_01,train,2026-06-17 03:25:50,58.96861714211534
train_01,train,2026-06-17 03:25:55,62.66566102790648
train_01,train,2026-06-17 03:26:00,62.66566102790648
train_01,train,2026-06-17 03:26:05,64.75549163179917
train_01,train,2026-06-17 03:26:10,66.04228812072293
train_01,train,2026-06-17 03:26:15,66.04228812072293
train_01,train,2026-06-17 03:26:20,69.33185146443516
train_01,train,2026-06-17 03:26:25,69.49558962062173
train_01,train,2026-06-17 03:26:30,69.49558962062173
train_01,train,2026-06-17 03:26:35,69.25697390410079
train_01,train,2026-06-17 03:26:40,72.12247376181803
train_01,train,2026-06-17 03:26:45,72.12247376181803
train_01,train,2026-06-17 03:26:50,72.12247376181803
train_01,train,2026-06-17 03:26:55,68.78564915926296
train_01,train,2026-06-17 03:27:00,68.78564915926296
train_01,train,2026-06-17 03:27:05,68.78564915926296
train_01,train,2026-06-17 03:27:10,67.99722017113322
train_01,train,2026-06-17 03:27:15,67.99722017113322
train_01,train,2026-06-17 03:27:20,67.99722017113322
train_01,train,2026-06-17 03:27:25,64.0065076850623
train_01,train,2026-06-17 03:27:30,64.0065076850623
train_01,train,2026-06-17 03:27:35,64.0065076850623
train_01,train,2026-06-17 03:27:40,67.90312691600245
train_01,train,2026-06-17 03:27:45,67.90312691600245
train_01,train,2026-06-17 03:27:50,67.90312691600245
train_01,train,2026-06-17 03:27:55,66.61342197854383
train_01,train,2026-06-17 03:28:00,66.61342197854383
train_01,train,2026-06-17 03:28:05,66.61342197854383
train_01,train,2026-06-17 03:28:10,67.89312308366185
train_01,train,2026-06-17 03:28:15,67.89312308366185
train_01,train,2026-06-17 03:28:20,67.89312308366185
train_01,train,2026-06-17 03:28:25,61.717314185579355
train_01,train,2026-06-17 03:28:30,61.71731418557933
train_01,train,2026-06-17 03:28:35,61.71731418557933
train_01,train,2026-06-17 03:28:40,60.36893330154119
train_01,train,2026-06-17 03:28:45,60.36893330154119
train_01,train,2026-06-17 03:28:50,60.36893330154119
train_01,train,2026-06-17 03:28:55,55.92316587434152
train_01,train,2026-06-17 03:29:00,53.35515548281505
train_01,train,2026-06-17 03:29:05,53.35515548281505
train_01,train,2026-06-17 03:29:10,53.77591840473938
train_01,train,2026-06-17 03:29:15,54.9155950236669
train_01,train,2026-06-17 03:29:20,54.9155950236669
train_01,train,2026-06-17 03:29:25,52.76819250618378
train_01,train,2026-06-17 03:29:30,52.57946739825492
train_01,train,2026-06-17 03:29:35,52.57946739825492
train_01,train,2026-06-17 03:29:40,45.869679639452016
train_01,train,2026-06-17 03:29:45,56.28813225742964
train_01,train,2026-06-17 03:29:50,56.28813225742964
train_01,train,2026-06-17 03:29:55,56.28813225742964
train_01,train,2026-06-17 03:30:00,51.067139030502034
train_01,train,2026-06-17 03:30:05,51.067139030502034
train_01,train,2026-06-17 03:30:10,51.06713903050204
train_01,train,2026-06-17 03:30:15,47.36611062335381
train_01,train,2026-06-17 03:30:20,47.36611062335381
train_01,train,2026-06-17 03:30:25,47.36611062335381
train_01,train,2026-06-17 03:30:30,41.423990576532944
train_01,train,2026-06-17 03:30:35,40.25178068577108
train_01,train,2026-06-17 03:30:40,40.25178068577108
train_01,train,2026-06-17 03:30:45,39.50021384493187
train_01,train,2026-06-17 03:30:50,45.56405153451345
train_01,train,2026-06-17 03:30:55,45.56405153451345
train_01,train,2026-06-17 03:31:00,47.65541469375286
train_01,train,2026-06-17 03:31:05,50.19527235354573
train_01,train,2026-06-17 03:31:10,50.19527235354573
train_01,train,2026-06-17 03:31:15,57.05783413119421
train_01,train,2026-06-17 03:31:20,56.86470946946599
train_01,train,2026-06-17 03:31:25,56.86470946946599
train_01,train,2026-06-17 03:31:30,56.86470946946599
train_01,train,2026-06-17 03:31:35,46.485698357562505
train_01,train,2026-06-17 03:31:40,46.4856983575625
train_01,train,2026-06-17 03:31:45,46.4856983575625
train_01,train,2026-06-17 03:31:50,36.08687094022702
train_01,train,2026-06-17 03:31:55,36.08687094022702
train_01,train,2026-06-17 03:32:00,36.08687094022702
train_01,train,2026-06-17 03:32:05,25.6343751350884
train_01,train,2026-06-17 03:32:10,25.6343751350884
train_01,train,2026-06-17 03:32:15,25.6343751350884
train_01,train,2026-06-17 03:32:20,24.28474189227763
train_01,train,2026-06-17 03:32:25,24.28474189227763
train_01,train,2026-06-17 03:32:30,24.28474189227763
train_01,train,2026-06-17 03:32:35,24.031756249329472
train_01,train,2026-06-17 03:32:40,24.031756249329472
train_01,train,2026-06-17 03:32:45,24.031756249329472
train_01,train,2026-06-17 03:32:50,23.90256610655204
train_01,train,2026-06-17 03:32:55,23.90256610655204
train_01,train,2026-06-17 03:33:00,23.90256610655204
train_01,train,2026-06-17 03:33:05,23.887708454059624
train_01,train,2026-06-17 03:33:10,23.743105981559168
train_01,train,2026-06-17 03:33:15,23.743105981559168
train_01,train,2026-06-17 03:33:20,23.85190459238163
train_01,train,2026-06-17 03:33:25,19.281465827142203
train_01,train,2026-06-17 03:33:30,19.281465827142203
train_01,train,2026-06-17 03:33:35,16.861387099906143
train_01,train,2026-06-17 03:33:40,11.179537797995838
train_01,train,2026-06-17 03:33:45,11.179537797995838
train_01,train,2026-06-17 03:33:50,4.820218863991663
train_02,train,2026-06-17 03:37:00,0.0434310532030401
train_02,train,2026-06-17 03:37:05,0.0434310532030401
train_02,train,2026-06-17 03:37:10,0.0434310532030401
train_02,train,2026-06-17 03:37:15,6.990771329312219
train_02,train,2026-06-17 03:37:20,6.990771329312219
train_02,train,2026-06-17 03:37:25,6.990771329312219
train_02,train,2026-06-17 03:37:30,14.911706998037937
train_02,train,2026-06-17 03:37:35,14.911706998037937
train_02,train,2026-06-17 03:37:40,14.911706998037937
train_02,train,2026-06-17 03:37:45,22.883049354332737
train_02,train,2026-06-17 03:37:50,22.883049354332737
train_02,train,2026-06-17 03:37:55,22.883049354332737
train_02,train,2026-06-17 03:38:00,24.698386284513145
train_02,train,2026-06-17 03:38:05,24.69838628451315
train_02,train,2026-06-17 03:38:10,24.69838628451315
train_02,train,2026-06-17 03:38:15,25.61604088172881
train_02,train,2026-06-17 03:38:20,25.61604088172881
train_02,train,2026-06-17 03:38:25,25.61604088172881
train_02,train,2026-06-17 03:38:30,24.236431553504723
train_02,train,2026-06-17 03:38:35,24.236431553504723
train_02,train,2026-06-17 03:38:40,24.236431553504723
train_02,train,2026-06-17 03:38:45,23.401396217757533
train_02,train,2026-06-17 03:38:50,23.69647882785141
train_02,train,2026-06-17 03:38:55,23.69647882785141
train_02,train,2026-06-17 03:39:00,22.296687717489363
train_02,train,2026-06-17 03:39:05,22.699626379355287
train_02,train,2026-06-17 03:39:10,22.699626379355287
train_02,train,2026-06-17 03:39:15,23.90772006701894
train_02,train,2026-06-17 03:39:20,24.23770172452683
train_02,train,2026-06-17 03:39:25,24.23770172452683
train_02,train,2026-06-17 03:39:30,24.22779627875714
train_02,train,2026-06-17 03:39:35,24.240011732417088
train_02,train,2026-06-17 03:39:40,24.240011732417088
train_02,train,2026-06-17 03:39:45,24.240011732417088
train_02,train,2026-06-17 03:39:50,24.22038066502717
train_02,train,2026-06-17 03:39:55,24.22038066502717
train_02,train,2026-06-17 03:40:00,24.22038066502717
train_02,train,2026-06-17 03:40:05,25.3411306042885
train_02,train,2026-06-17 03:40:10,25.3411306042885
train_02,train,2026-06-17 03:40:15,25.3411306042885
train_02,train,2026-06-17 03:40:20,38.62409779569543
train_02,train,2026-06-17 03:40:25,38.62409779569543
train_02,train,2026-06-17 03:40:30,38.62409779569543
train_02,train,2026-06-17 03:40:35,53.649956024626206
train_02,train,2026-06-17 03:40:40,53.649956024626206
train_02,train,2026-06-17 03:40:45,53.649956024626206
train_02,train,2026-06-17 03:40:50,66.10675502772219
train_02,train,2026-06-17 03:40:55,65.79909657990966
train_02,train,2026-06-17 03:41:00,65.79909657990966
train_02,train,2026-06-17 03:41:05,66.75266043211867
train_02,train,2026-06-17 03:41:10,62.595088024342544
train_02,train,2026-06-17 03:41:15,62.595088024342544
train_02,train,2026-06-17 03:41:20,59.78909348898708
train_02,train,2026-06-17 03:41:25,59.637139807897526
train_02,train,2026-06-17 03:41:30,59.637139807897526
train_02,train,2026-06-17 03:41:35,56.74264777406698
train_02,train,2026-06-17 03:41:40,58.04847189197443
train_02,train,2026-06-17 03:41:45,58.04847189197443
train_02,train,2026-06-17 03:41:50,58.04847189197443
train_02,train,2026-06-17 03:41:55,60.4547020323803
train_02,train,2026-06-17 03:42:00,60.4547020323803
train_02,train,2026-06-17 03:42:05,60.4547020323803
train_02,train,2026-06-17 03:42:10,61.9216769723282
train_02,train,2026-06-17 03:42:15,61.9216769723282
train_02,train,2026-06-17 03:42:20,61.9216769723282
train_02,train,2026-06-17 03:42:25,63.19273892151629
train_02,train,2026-06-17 03:42:30,63.19273892151629
train_02,train,2026-06-17 03:42:35,63.19273892151627
train_02,train,2026-06-17 03:42:40,67.67925916309663
train_02,train,2026-06-17 03:42:45,67.67925916309663
train_02,train,2026-06-17 03:42:50,67.67925916309663
train_02,train,2026-06-17 03:42:55,68.5807795299018
train_02,train,2026-06-17 03:43:00,68.5807795299018
train_02,train,2026-06-17 03:43:05,68.58077952990182
train_02,train,2026-06-17 03:43:10,71.1916917572108
train_02,train,2026-06-17 03:43:15,71.1916917572108
train_02,train,2026-06-17 03:43:20,71.1916917572108
train_02,train,2026-06-17 03:43:25,69.30660958681975
train_02,train,2026-06-17 03:43:30,68.4513000192279
train_02,train,2026-06-17 03:43:35,68.4513000192279
train_02,train,2026-06-17 03:43:40,69.3852511946274
train_02,train,2026-06-17 03:43:45,69.52057774297398
train_02,train,2026-06-17 03:43:50,69.52057774297398
train_02,train,2026-06-17 03:43:55,68.25299454363477
train_02,train,2026-06-17 03:44:00,61.24964055375263
train_02,train,2026-06-17 03:44:05,61.24964055375263
train_02,train,2026-06-17 03:44:10,58.5394185797695
train_02,train,2026-06-17 03:44:15,59.901073105298465
train_02,train,2026-06-17 03:44:20,59.901073105298465
train_02,train,2026-06-17 03:44:25,59.901073105298465
train_02,train,2026-06-17 03:44:30,58.74168797953964
train_02,train,2026-06-17 03:44:35,58.74168797953964
train_02,train,2026-06-17 03:44:40,58.74168797953964
train_02,train,2026-06-17 03:44:45,65.76838091937091
train_02,train,2026-06-17 03:44:50,65.76838091937091
train_02,train,2026-06-17 03:44:55,65.76838091937091
train_02,train,2026-06-17 03:45:00,67.16298174116741
train_02,train,2026-06-17 03:45:05,65.48098528850639
train_02,train,2026-06-17 03:45:10,65.48098528850639
train_02,train,2026-06-17 03:45:15,65.42839637547966
train_02,train,2026-06-17 03:45:20,62.72413118602073
train_02,train,2026-06-17 03:45:25,62.72413118602073
train_02,train,2026-06-17 03:45:30,59.752990874205935
train_02,train,2026-06-17 03:45:35,66.76925707446354
train_02,train,2026-06-17 03:45:40,66.76925707446354
train_02,train,2026-06-17 03:45:45,69.14254150826916
train_02,train,2026-06-17 03:45:50,74.68653064790948
train_02,train,2026-06-17 03:45:55,74.68653064790948
train_02,train,2026-06-17 03:46:00,74.68653064790948
train_02,train,2026-06-17 03:46:05,81.86617821355458
train_02,train,2026-06-17 03:46:10,81.86617821355458
train_02,train,2026-06-17 03:46:15,81.86617821355458
train_02,train,2026-06-17 03:46:20,77.1523759424864
train_02,train,2026-06-17 03:46:25,77.1523759424864
train_02,train,2026-06-17 03:46:30,77.15237594248642
train_02,train,2026-06-17 03:46:35,75.22417446016223
train_02,train,2026-06-17 03:46:40,75.22417446016223
train_02,train,2026-06-17 03:46:45,75.22417446016223
train_02,train,2026-06-17 03:46:50,72.88503253796095
train_02,train,2026-06-17 03:46:55,72.88503253796095
train_02,train,2026-06-17 03:47:00,72.88503253796097
train_02,train,2026-06-17 03:47:05,73.65638390858508
train_02,train,2026-06-17 03:47:10,73.65638390858508
train_02,train,2026-06-17 03:47:15,73.65638390858508
train_02,train,2026-06-17 03:47:20,71.56580211335253
train_02,train,2026-06-17 03:47:25,71.56580211335253
train_02,train,2026-06-17 03:47:30,71.56580211335253
train_02,train,2026-06-17 03:47:35,69.40609951845906
train_02,train,2026-06-17 03:47:40,69.40609951845906
train_02,train,2026-06-17 03:47:45,69.40609951845906
train_02,train,2026-06-17 03:47:50,69.61143056281583
train_02,train,2026-06-17 03:47:55,69.61143056281583
train_02,train,2026-06-17 03:48:00,69.61143056281583
train_02,train,2026-06-17 03:48:05,70.60797728152833
train_02,train,2026-06-17 03:48:10,70.60797728152833
train_02,train,2026-06-17 03:48:15,70.60797728152833
train_02,train,2026-06-17 03:48:20,71.35645302897278
train_02,train,2026-06-17 03:48:25,71.35645302897278
train_02,train,2026-06-17 03:48:30,71.35645302897278
train_02,train,2026-06-17 03:48:35,72.32580961727183
train_02,train,2026-06-17 03:48:40,66.88511950655358
train_02,train,2026-06-17 03:48:45,66.88511950655358
train_02,train,2026-06-17 03:48:50,61.95173676938403
train_02,train,2026-06-17 03:48:55,69.49112118124064
train_02,train,2026-06-17 03:49:00,69.49112118124064
train_02,train,2026-06-17 03:49:05,70.33609665188612
train_02,train,2026-06-17 03:49:10,70.88957381230736
train_02,train,2026-06-17 03:49:15,70.88957381230736
train_02,train,2026-06-17 03:49:20,78.35591630824953
train_02,train,2026-06-17 03:49:25,78.35024606942207
train_02,train,2026-06-17 03:49:30,78.35024606942207
train_02,train,2026-06-17 03:49:35,78.35024606942207
train_02,train,2026-06-17 03:49:40,73.27429073831836
train_02,train,2026-06-17 03:49:45,73.27429073831836
train_02,train,2026-06-17 03:49:50,73.27429073831836
train_02,train,2026-06-17 03:49:55,75.36644060380661
train_02,train,2026-06-17 03:50:00,75.3664406038066
train_02,train,2026-06-17 03:50:05,75.3664406038066
train_02,train,2026-06-17 03:50:10,62.09804983013686
train_02,train,2026-06-17 03:50:15,71.2381975579017
train_02,train,2026-06-17 03:50:20,71.2381975579017
train_02,train,2026-06-17 03:50:25,71.94860813704497
train_02,train,2026-06-17 03:50:30,74.0391268792854
train_02,train,2026-06-17 03:50:35,74.0391268792854
train_02,train,2026-06-17 03:50:40,72.0993545624178
train_02,train,2026-06-17 03:50:45,72.79214254957041
train_02,train,2026-06-17 03:50:50,72.79214254957041
train_02,train,2026-06-17 03:50:55,76.3216319701406
train_02,train,2026-06-17 03:51:00,78.45052083333334
train_02,train,2026-06-17 03:51:05,78.45052083333334
train_02,train,2026-06-17 03:51:10,78.45052083333334
train_02,train,2026-06-17 03:51:15,78.61581680429046
train_02,train,2026-06-17 03:51:20,78.61581680429046
train_02,train,2026-06-17 03:51:25,78.61581680429046
train_02,train,2026-06-17 03:51:30,77.73905467218471
train_02,train,2026-06-17 03:51:35,77.73905467218471
train_02,train,2026-06-17 03:51:40,77.73905467218471
train_02,train,2026-06-17 03:51:45,76.32081340226088
train_02,train,2026-06-17 03:51:50,76.32081340226088
train_02,train,2026-06-17 03:51:55,76.32081340226088
train_02,train,2026-06-17 03:52:00,75.10391599212426
train_02,train,2026-06-17 03:52:05,75.10391599212426
train_02,train,2026-06-17 03:52:10,75.10391599212426
train_02,train,2026-06-17 03:52:15,74.05082471102645
train_02,train,2026-06-17 03:52:20,74.05082471102645
train_02,train,2026-06-17 03:52:25,74.05082471102645
train_02,train,2026-06-17 03:52:30,72.61415349440499
train_02,train,2026-06-17 03:52:35,72.61415349440499
train_02,train,2026-06-17 03:52:40,72.61415349440499
train_02,train,2026-06-17 03:52:45,73.93806640037796
train_02,train,2026-06-17 03:52:50,73.93806640037796
train_02,train,2026-06-17 03:52:55,73.93806640037796
train_02,train,2026-06-17 03:53:00,77.97647467337993
train_02,train,2026-06-17 03:53:05,77.97647467337993
train_02,train,2026-06-17 03:53:10,77.97647467337993
train_02,train,2026-06-17 03:53:15,79.7644711863316
train_02,train,2026-06-17 03:53:20,80.6400068176492
train_02,train,2026-06-17 03:53:25,80.6400068176492
train_02,train,2026-06-17 03:53:30,81.40514615334759
train_02,train,2026-06-17 03:53:35,84.82522514664517
train_02,train,2026-06-17 03:53:40,84.82522514664517
train_02,train,2026-06-17 03:53:45,86.97624679996112
train_02,train,2026-06-17 03:53:50,86.18022431352328
train_02,train,2026-06-17 03:53:55,86.18022431352327
train_02,train,2026-06-17 03:54:00,88.1566940424977
train_02,train,2026-06-17 03:54:05,89.8564048682252
train_02,train,2026-06-17 03:54:10,89.8564048682252
train_02,train,2026-06-17 03:54:15,89.8564048682252
train_02,train,2026-06-17 03:54:20,75.40895571711829
train_02,train,2026-06-17 03:54:25,75.40895571711829
train_02,train,2026-06-17 03:54:30,75.40895571711829
train_02,train,2026-06-17 03:54:35,72.97450187517023
train_02,train,2026-06-17 03:54:40,72.97450187517023
train_02,train,2026-06-17 03:54:45,72.97450187517023
train_02,train,2026-06-17 03:54:50,67.64573163227632
train_02,train,2026-06-17 03:54:55,67.64573163227632
train_02,train,2026-06-17 03:55:00,67.64573163227632
train_02,train,2026-06-17 03:55:05,74.71763683753258
train_02,train,2026-06-17 03:55:10,74.71763683753258
train_02,train,2026-06-17 03:55:15,74.71763683753258
train_02,train,2026-06-17 03:55:20,73.47635613967273
train_02,train,2026-06-17 03:55:25,72.28375696267366
train_02,train,2026-06-17 03:55:30,72.28375696267366
train_02,train,2026-06-17 03:55:35,70.44628956927868
train_02,train,2026-06-17 03:55:40,68.42380869261652
train_02,train,2026-06-17 03:55:45,68.42380869261652
train_02,train,2026-06-17 03:55:50,67.17943725051114
train_02,train,2026-06-17 03:55:55,65.42518837459633
train_02,train,2026-06-17 03:56:00,65.42518837459633
train_02,train,2026-06-17 03:56:05,63.093644939125895
train_02,train,2026-06-17 03:56:10,62.186383855205214
train_02,train,2026-06-17 03:56:15,62.186383855205214
train_02,train,2026-06-17 03:56:20,62.186383855205214
train_02,train,2026-06-17 03:56:25,61.08645557736622
train_02,train,2026-06-17 03:56:30,61.08645557736622
train_02,train,2026-06-17 03:56:35,61.08645557736622
train_02,train,2026-06-17 03:56:40,63.16108239060371
train_02,train,2026-06-17 03:56:45,63.16108239060374
train_02,train,2026-06-17 03:56:50,63.16108239060374
train_02,train,2026-06-17 03:56:55,64.3774096513155
train_02,train,2026-06-17 03:57:00,64.3774096513155
train_02,train,2026-06-17 03:57:05,64.3774096513155
train_02,train,2026-06-17 03:57:10,64.46982055464927
train_02,train,2026-06-17 03:57:15,64.46982055464927
train_02,train,2026-06-17 03:57:20,64.46982055464927
train_02,train,2026-06-17 03:57:25,62.54943457534364
train_02,train,2026-06-17 03:57:30,62.54943457534364
train_02,train,2026-06-17 03:57:35,62.54943457534364
train_02,train,2026-06-17 03:57:40,61.1300323115885
train_02,train,2026-06-17 03:57:45,61.1300323115885
train_02,train,2026-06-17 03:57:50,61.1300323115885
train_02,train,2026-06-17 03:57:55,61.22581482924295
train_02,train,2026-06-17 03:58:00,63.549832026875706
train_02,train,2026-06-17 03:58:05,63.549832026875706
train_02,train,2026-06-17 03:58:10,64.0833115696004
train_02,train,2026-06-17 03:58:15,61.076899476233265
train_02,train,2026-06-17 03:58:20,61.076899476233265
train_02,train,2026-06-17 03:58:25,61.669550455420975
train_02,train,2026-06-17 03:58:30,62.18203582574496
train_02,train,2026-06-17 03:58:35,62.18203582574496
train_02,train,2026-06-17 03:58:40,59.19743178170145
train_02,train,2026-06-17 03:58:45,63.748645720476716
train_02,train,2026-06-17 03:58:50,63.748645720476716
train_02,train,2026-06-17 03:58:55,63.748645720476716
train_02,train,2026-06-17 03:59:00,65.44752529859771
train_02,train,2026-06-17 03:59:05,65.44752529859771
train_02,train,2026-06-17 03:59:10,65.44752529859771
train_02,train,2026-06-17 03:59:15,67.65102422476406
train_02,train,2026-06-17 03:59:20,67.65102422476406
train_02,train,2026-06-17 03:59:25,67.65102422476406
train_02,train,2026-06-17 03:59:30,64.8029409250235
train_02,train,2026-06-17 03:59:35,64.8029409250235
train_02,train,2026-06-17 03:59:40,64.8029409250235
train_02,train,2026-06-17 03:59:45,66.73071884007338
train_02,train,2026-06-17 03:59:50,66.73071884007338
train_02,train,2026-06-17 03:59:55,66.73071884007338
train_02,train,2026-06-17 04:00:00,64.58221024258759
train_02,train,2026-06-17 04:00:05,64.58221024258759
train_02,train,2026-06-17 04:00:10,64.58221024258759
train_02,train,2026-06-17 04:00:15,57.358523687270974
train_02,train,2026-06-17 04:00:20,57.358523687270974
train_02,train,2026-06-17 04:00:25,57.358523687270974
train_02,train,2026-06-17 04:00:30,43.63364005991869
train_02,train,2026-06-17 04:00:35,43.63364005991869
train_02,train,2026-06-17 04:00:40,43.63364005991869
train_02,train,2026-06-17 04:00:45,30.57355203570887
train_02,train,2026-06-17 04:00:50,30.57355203570887
train_02,train,2026-06-17 04:00:55,30.57355203570887
train_02,train,2026-06-17 04:01:00,24.81461269301145
train_02,train,2026-06-17 04:01:05,23.60833934864762
train_02,train,2026-06-17 04:01:10,23.60833934864762
train_02,train,2026-06-17 04:01:15,22.48715711931763
train_02,train,2026-06-17 04:01:20,22.872189941459386
train_02,train,2026-06-17 04:01:25,22.872189941459386
train_02,train,2026-06-17 04:01:30,22.422538851733385
train_02,train,2026-06-17 04:01:35,22.78517422748192
train_02,train,2026-06-17 04:01:40,22.78517422748192
train_02,train,2026-06-17 04:01:45,23.53228813300327
train_02,train,2026-06-17 04:01:50,23.90980909871964
train_02,train,2026-06-17 04:01:55,23.90980909871964
train_02,train,2026-06-17 04:02:00,23.90980909871964
train_02,train,2026-06-17 04:02:05,23.78535170413344
train_02,train,2026-06-17 04:02:10,23.78535170413344
train_02,train,2026-06-17 04:02:15,23.78535170413344
train_02,train,2026-06-17 04:02:20,23.604066486617047
train_02,train,2026-06-17 04:02:25,23.604066486617047
train_02,train,2026-06-17 04:02:30,23.604066486617047
train_02,train,2026-06-17 04:02:35,23.049471237272044
train_02,train,2026-06-17 04:02:40,23.21944950198137
train_02,train,2026-06-17 04:02:45,23.21944950198136
train_02,train,2026-06-17 04:02:50,23.18486882245272
train_02,train,2026-06-17 04:02:55,23.60208062418725
train_02,train,2026-06-17 04:03:00,23.60208062418725
train_02,train,2026-06-17 04:03:05,23.98766898943516
train_02,train,2026-06-17 04:03:10,18.78053962183981
train_02,train,2026-06-17 04:03:15,18.78053962183981
train_02,train,2026-06-17 04:03:20,16.29591308846353
train_02,train,2026-06-17 04:03:25,10.973936899862824
train_02,train,2026-06-17 04:03:30,10.973936899862824
train_02,train,2026-06-17 04:03:35,10.973936899862824
train_03,train,2026-06-17 04:09:20,7.348449459197239
train_03,train,2026-06-17 04:09:25,10.059520881499337
train_03,train,2026-06-17 04:09:30,10.059520881499337
train_03,train,2026-06-17 04:09:35,10.059520881499337
train_03,train,2026-06-17 04:09:40,13.633333333333331
train_03,train,2026-06-17 04:09:45,13.633333333333331
train_03,train,2026-06-17 04:09:50,13.633333333333331
train_03,train,2026-06-17 04:09:55,20.45353490440196
train_03,train,2026-06-17 04:10:00,20.45353490440196
train_03,train,2026-06-17 04:10:05,20.45353490440196
train_03,train,2026-06-17 04:10:10,20.7436787307883
train_03,train,2026-06-17 04:10:15,20.7436787307883
train_03,train,2026-06-17 04:10:20,20.48455555555556
train_03,train,2026-06-17 04:10:25,21.00162055249585
train_03,train,2026-06-17 04:10:30,23.65427812745869
train_03,train,2026-06-17 04:10:35,26.306935702421537
train_03,train,2026-06-17 04:10:40,28.59152143814693
train_03,train,2026-06-17 04:10:45,28.59152143814693
train_03,train,2026-06-17 04:10:50,28.59152143814693
train_03,train,2026-06-17 04:10:55,24.267153441425968
train_03,train,2026-06-17 04:11:00,24.267153441425968
train_03,train,2026-06-17 04:11:05,24.267153441425968
train_03,train,2026-06-17 04:11:10,22.51313447093048
train_03,train,2026-06-17 04:11:15,22.51313447093048
train_03,train,2026-06-17 04:11:20,22.51313447093048
train_03,train,2026-06-17 04:11:25,22.76019701896146
train_03,train,2026-06-17 04:11:30,23.894276883725887
train_03,train,2026-06-17 04:11:35,23.894276883725887
train_03,train,2026-06-17 04:11:40,24.535701552523257
train_03,train,2026-06-17 04:11:45,25.058885108610312
train_03,train,2026-06-17 04:11:50,25.058885108610312
train_03,train,2026-06-17 04:11:55,26.12557129428543
train_03,train,2026-06-17 04:12:00,24.049517505211803
train_03,train,2026-06-17 04:12:05,24.049517505211803
train_03,train,2026-06-17 04:12:10,22.98138670665319
train_03,train,2026-06-17 04:12:15,22.987499179017888
train_03,train,2026-06-17 04:12:20,22.987499179017888
train_03,train,2026-06-17 04:12:25,22.987499179017888
train_03,train,2026-06-17 04:12:30,25.931297214225417
train_03,train,2026-06-17 04:12:35,25.931297214225417
train_03,train,2026-06-17 04:12:40,25.931297214225417
train_03,train,2026-06-17 04:12:45,43.56231190000219
train_03,train,2026-06-17 04:12:50,43.56231190000219
train_03,train,2026-06-17 04:12:55,43.56231190000219
train_03,train,2026-06-17 04:13:00,61.20695211291811
train_03,train,2026-06-17 04:13:05,61.20695211291811
train_03,train,2026-06-17 04:13:10,61.20695211291811
train_03,train,2026-06-17 04:13:15,76.91472026072785
train_03,train,2026-06-17 04:13:20,76.91472026072785
train_03,train,2026-06-17 04:13:25,76.91472026072785
train_03,train,2026-06-17 04:13:30,75.78084997439836
train_03,train,2026-06-17 04:13:35,75.78084997439836
train_03,train,2026-06-17 04:13:40,75.78084997439836
train_03,train,2026-06-17 04:13:45,76.82240544431357
train_03,train,2026-06-17 04:13:50,76.82240544431357
train_03,train,2026-06-17 04:13:55,76.82240544431357
train_03,train,2026-06-17 04:14:00,74.30267317576721
train_03,train,2026-06-17 04:14:05,74.30267317576721
train_03,train,2026-06-17 04:14:10,74.30267317576721
train_03,train,2026-06-17 04:14:15,73.14027862963287
train_03,train,2026-06-17 04:14:20,73.14027862963287
train_03,train,2026-06-17 04:14:25,73.14027862963287
train_03,train,2026-06-17 04:14:30,72.43329937796658
train_03,train,2026-06-17 04:14:35,72.43329937796658
train_03,train,2026-06-17 04:14:40,72.43329937796658
train_03,train,2026-06-17 04:14:45,70.69996482588815
train_03,train,2026-06-17 04:14:50,70.69996482588815
train_03,train,2026-06-17 04:14:55,70.69996482588815
train_03,train,2026-06-17 04:15:00,72.88113356074521
train_03,train,2026-06-17 04:15:05,73.25251483105494
train_03,train,2026-06-17 04:15:10,73.25251483105494
train_03,train,2026-06-17 04:15:15,71.6564100911815
train_03,train,2026-06-17 04:15:20,73.63642287725091
train_03,train,2026-06-17 04:15:25,73.63642287725091
train_03,train,2026-06-17 04:15:30,75.78296172187137
train_03,train,2026-06-17 04:15:35,75.49948770491802
train_03,train,2026-06-17 04:15:40,75.49948770491802
train_03,train,2026-06-17 04:15:45,76.30144099701415
train_03,train,2026-06-17 04:15:50,78.36203697640407
train_03,train,2026-06-17 04:15:55,78.36203697640407
train_03,train,2026-06-17 04:16:00,78.36203697640407
train_03,train,2026-06-17 04:16:05,76.47438656909169
train_03,train,2026-06-17 04:16:10,76.47438656909169
train_03,train,2026-06-17 04:16:15,76.47438656909169
train_03,train,2026-06-17 04:16:20,72.66473887136347
train_03,train,2026-06-17 04:16:25,72.66473887136347
train_03,train,2026-06-17 04:16:30,72.66473887136347
train_03,train,2026-06-17 04:16:35,70.46857973120233
train_03,train,2026-06-17 04:16:40,70.46857973120234
train_03,train,2026-06-17 04:16:45,70.46857973120234
train_03,train,2026-06-17 04:16:50,76.97974217311233
train_03,train,2026-06-17 04:16:55,76.97974217311233
train_03,train,2026-06-17 04:17:00,76.97974217311233
train_03,train,2026-06-17 04:17:05,87.01367539489027
train_03,train,2026-06-17 04:17:10,87.01367539489027
train_03,train,2026-06-17 04:17:15,87.01367539489027
train_03,train,2026-06-17 04:17:20,94.694746908348
train_03,train,2026-06-17 04:17:25,94.694746908348
train_03,train,2026-06-17 04:17:30,94.694746908348
train_03,train,2026-06-17 04:17:35,95.87229925830376
train_03,train,2026-06-17 04:17:40,92.88626128529656
train_03,train,2026-06-17 04:17:45,92.88626128529656
train_03,train,2026-06-17 04:17:50,92.4683072334079
train_03,train,2026-06-17 04:17:55,88.86852954649567
train_03,train,2026-06-17 04:18:00,88.86852954649564
train_03,train,2026-06-17 04:18:05,84.33031806244527
train_03,train,2026-06-17 04:18:10,81.19015752084835
train_03,train,2026-06-17 04:18:15,81.19015752084835
train_03,train,2026-06-17 04:18:20,78.35706863883627
train_03,train,2026-06-17 04:18:25,80.3193495662378
train_03,train,2026-06-17 04:18:30,80.3193495662378
train_03,train,2026-06-17 04:18:35,80.3193495662378
train_03,train,2026-06-17 04:18:40,78.70986226797372
train_03,train,2026-06-17 04:18:45,78.70986226797372
train_03,train,2026-06-17 04:18:50,78.70986226797372
train_03,train,2026-06-17 04:18:55,84.80527080037277
train_03,train,2026-06-17 04:19:00,84.80527080037277
train_03,train,2026-06-17 04:19:05,84.80527080037277
train_03,train,2026-06-17 04:19:10,84.90414566006231
train_03,train,2026-06-17 04:19:15,84.96690427698574
train_03,train,2026-06-17 04:19:20,84.96690427698574
train_03,train,2026-06-17 04:19:25,89.36925310533957
train_03,train,2026-06-17 04:19:30,90.50983802587238
train_03,train,2026-06-17 04:19:35,90.50983802587238
train_03,train,2026-06-17 04:19:40,88.85304081303435
train_03,train,2026-06-17 04:19:45,86.57629148135479
train_03,train,2026-06-17 04:19:50,86.57629148135479
train_03,train,2026-06-17 04:19:55,87.34929971078542
train_03,train,2026-06-17 04:20:00,90.73034321543268
train_03,train,2026-06-17 04:20:05,90.73034321543268
train_03,train,2026-06-17 04:20:10,90.73034321543268
train_03,train,2026-06-17 04:20:15,90.2404831230454
train_03,train,2026-06-17 04:20:20,90.2404831230454
train_03,train,2026-06-17 04:20:25,90.2404831230454
train_03,train,2026-06-17 04:20:30,95.01666959115632
train_03,train,2026-06-17 04:20:35,95.01666959115634
train_03,train,2026-06-17 04:20:40,95.01666959115634
train_03,train,2026-06-17 04:20:45,90.08430692857448
train_03,train,2026-06-17 04:20:50,90.08430692857448
train_03,train,2026-06-17 04:20:55,90.08430692857448
train_03,train,2026-06-17 04:21:00,93.25358125826236
train_03,train,2026-06-17 04:21:05,93.25358125826236
train_03,train,2026-06-17 04:21:10,93.25358125826236
train_03,train,2026-06-17 04:21:15,91.25846656899591
train_03,train,2026-06-17 04:21:20,91.25846656899591
train_03,train,2026-06-17 04:21:25,91.25846656899591
train_03,train,2026-06-17 04:21:30,95.765514840282
train_03,train,2026-06-17 04:21:35,95.765514840282
train_03,train,2026-06-17 04:21:40,95.765514840282
train_03,train,2026-06-17 04:21:45,92.56247860321808
train_03,train,2026-06-17 04:21:50,92.56247860321808
train_03,train,2026-06-17 04:21:55,92.56247860321808
train_03,train,2026-06-17 04:22:00,95.14656415185009
train_03,train,2026-06-17 04:22:05,95.14656415185009
train_03,train,2026-06-17 04:22:10,95.14656415185006
train_03,train,2026-06-17 04:22:15,94.538838894123
train_03,train,2026-06-17 04:22:20,90.51359765778028
train_03,train,2026-06-17 04:22:25,90.51359765778028
train_03,train,2026-06-17 04:22:30,90.09779951100244
train_03,train,2026-06-17 04:22:35,92.3512154233026
train_03,train,2026-06-17 04:22:40,92.3512154233026
train_03,train,2026-06-17 04:22:45,89.82273838630807
train_03,train,2026-06-17 04:22:50,88.70092366928135
train_03,train,2026-06-17 04:22:55,88.70092366928135
train_03,train,2026-06-17 04:23:00,91.6513967917189
train_03,train,2026-06-17 04:23:05,92.50021688210288
train_03,train,2026-06-17 04:23:10,92.50021688210288
train_03,train,2026-06-17 04:23:15,92.50021688210288
train_03,train,2026-06-17 04:23:20,89.09628180871192
train_03,train,2026-06-17 04:23:25,89.09628180871192
train_03,train,2026-06-17 04:23:30,89.09628180871192
train_03,train,2026-06-17 04:23:35,91.22180614821907
train_03,train,2026-06-17 04:23:40,91.22180614821907
train_03,train,2026-06-17 04:23:45,91.22180614821907
train_03,train,2026-06-17 04:23:50,89.45283220901595
train_03,train,2026-06-17 04:23:55,89.45283220901595
train_03,train,2026-06-17 04:24:00,89.45283220901595
train_03,train,2026-06-17 04:24:05,92.73867534908112
train_03,train,2026-06-17 04:24:10,92.73867534908112
train_03,train,2026-06-17 04:24:15,92.73867534908112
train_03,train,2026-06-17 04:24:20,92.7412801092221
train_03,train,2026-06-17 04:24:25,93.84037639746192
train_03,train,2026-06-17 04:24:30,93.84037639746192
train_03,train,2026-06-17 04:24:35,96.40170101406606
train_03,train,2026-06-17 04:24:40,93.94338380513496
train_03,train,2026-06-17 04:24:45,93.94338380513496
train_03,train,2026-06-17 04:24:50,92.53868044879133
train_03,train,2026-06-17 04:24:55,83.27810454809045
train_03,train,2026-06-17 04:25:00,83.27810454809045
train_03,train,2026-06-17 04:25:05,77.21700852871948
train_03,train,2026-06-17 04:25:10,74.06786410412256
train_03,train,2026-06-17 04:25:15,74.06786410412256
train_03,train,2026-06-17 04:25:20,74.06786410412256
train_03,train,2026-06-17 04:25:25,57.678072051324214
train_03,train,2026-06-17 04:25:30,57.678072051324214
train_03,train,2026-06-17 04:25:35,57.678072051324214
train_03,train,2026-06-17 04:25:40,56.49077723818027
train_03,train,2026-06-17 04:25:45,56.49077723818027
train_03,train,2026-06-17 04:25:50,56.49077723818027
train_03,train,2026-06-17 04:25:55,56.202173493665995
train_03,train,2026-06-17 04:26:00,56.202173493665995
train_03,train,2026-06-17 04:26:05,56.202173493665995
train_03,train,2026-06-17 04:26:10,65.33575317604357
train_03,train,2026-06-17 04:26:15,65.33575317604357
train_03,train,2026-06-17 04:26:20,65.33575317604357
train_03,train,2026-06-17 04:26:25,65.3043959262031
train_03,train,2026-06-17 04:26:30,65.21034549815259
train_03,train,2026-06-17 04:26:35,65.21034549815259
train_03,train,2026-06-17 04:26:40,64.88362195960323
train_03,train,2026-06-17 04:26:45,67.27117043932643
train_03,train,2026-06-17 04:26:50,67.2711704393264
train_03,train,2026-06-17 04:26:55,68.51512373968836
train_03,train,2026-06-17 04:27:00,64.30821520351488
train_03,train,2026-06-17 04:27:05,64.30821520351488
train_03,train,2026-06-17 04:27:10,63.96771037181996
train_03,train,2026-06-17 04:27:15,67.91883280228073
train_03,train,2026-06-17 04:27:20,67.91883280228073
train_03,train,2026-06-17 04:27:25,67.91883280228073
train_03,train,2026-06-17 04:27:30,65.53228262211432
train_03,train,2026-06-17 04:27:35,65.53228262211432
train_03,train,2026-06-17 04:27:40,65.53228262211432
train_03,train,2026-06-17 04:27:45,69.26227722340843
train_03,train,2026-06-17 04:27:50,69.26227722340843
train_03,train,2026-06-17 04:27:55,69.26227722340843
train_03,train,2026-06-17 04:28:00,67.44056304179898
train_03,train,2026-06-17 04:28:05,67.44056304179898
train_03,train,2026-06-17 04:28:10,67.44056304179898
train_03,train,2026-06-17 04:28:15,72.57411661743791
train_03,train,2026-06-17 04:28:20,72.57411661743792
train_03,train,2026-06-17 04:28:25,72.57411661743792
train_03,train,2026-06-17 04:28:30,75.32975085490963
train_03,train,2026-06-17 04:28:35,72.35874361858613
train_03,train,2026-06-17 04:28:40,72.35874361858613
train_03,train,2026-06-17 04:28:45,73.16034335888867
train_03,train,2026-06-17 04:28:50,59.33394842054391
train_03,train,2026-06-17 04:28:55,59.33394842054391
train_03,train,2026-06-17 04:29:00,49.14326901025456
train_03,train,2026-06-17 04:29:05,39.8623577454862
train_03,train,2026-06-17 04:29:10,39.8623577454862
train_03,train,2026-06-17 04:29:15,27.232715936181915
train_03,train,2026-06-17 04:29:20,25.860804325502443
train_03,train,2026-06-17 04:29:25,25.860804325502443
train_03,train,2026-06-17 04:29:30,25.860804325502443
train_03,train,2026-06-17 04:29:35,23.58849803429183
train_03,train,2026-06-17 04:29:40,23.58849803429183
train_03,train,2026-06-17 04:29:45,23.58849803429183
train_03,train,2026-06-17 04:29:50,23.54736727352012
train_03,train,2026-06-17 04:29:55,23.54736727352012
train_03,train,2026-06-17 04:30:00,23.54736727352012
train_03,train,2026-06-17 04:30:05,23.846352152616653
train_03,train,2026-06-17 04:30:10,23.846352152616653
train_03,train,2026-06-17 04:30:15,23.846352152616653
train_03,train,2026-06-17 04:30:20,24.01436045620717
train_03,train,2026-06-17 04:30:25,24.01436045620717
train_03,train,2026-06-17 04:30:30,24.01436045620717
train_03,train,2026-06-17 04:30:35,23.69196119196119
train_03,train,2026-06-17 04:30:40,23.69196119196119
train_03,train,2026-06-17 04:30:45,23.69196119196119
train_03,train,2026-06-17 04:30:50,23.453642238536947
train_03,train,2026-06-17 04:30:55,23.453642238536947
train_03,train,2026-06-17 04:31:00,23.453642238536947
train_03,train,2026-06-17 04:31:05,22.95458271847844
train_03,train,2026-06-17 04:31:10,23.24082824984964
train_03,train,2026-06-17 04:31:15,23.24082824984964
train_03,train,2026-06-17 04:31:20,23.43775152120022
train_03,train,2026-06-17 04:31:25,20.58140292221185
train_03,train,2026-06-17 04:31:30,20.58140292221185
train_03,train,2026-06-17 04:31:35,19.381217604069413
train_03,train,2026-06-17 04:31:40,12.34314770770114
train_03,train,2026-06-17 04:31:45,12.34314770770114
train_03,train,2026-06-17 04:31:50,6.725566323255174
train_03,train,2026-06-17 04:31:55,4.611095973674835
train_05_300_users,train,2026-06-17 21:48:35,2.673002673002673
train_05_300_users,train,2026-06-17 21:48:40,2.673002673002673
train_05_300_users,train,2026-06-17 21:48:45,4.061240934730057
train_05_300_users,train,2026-06-17 21:48:50,13.254242443995391
train_05_300_users,train,2026-06-17 21:48:55,13.254242443995391
train_05_300_users,train,2026-06-17 21:49:00,13.254242443995391
train_05_300_users,train,2026-06-17 21:49:05,31.592050478602395
train_05_300_users,train,2026-06-17 21:49:10,31.592050478602395
train_05_300_users,train,2026-06-17 21:49:15,31.592050478602395
train_05_300_users,train,2026-06-17 21:49:20,52.86488621650683
train_05_300_users,train,2026-06-17 21:49:25,52.86488621650683
train_05_300_users,train,2026-06-17 21:49:30,52.86488621650683
train_05_300_users,train,2026-06-17 21:49:35,68.03811173668255
train_05_300_users,train,2026-06-17 21:49:40,68.03811173668255
train_05_300_users,train,2026-06-17 21:49:45,68.03811173668255
train_05_300_users,train,2026-06-17 21:49:50,77.0023460281962
train_05_300_users,train,2026-06-17 21:49:55,77.0023460281962
train_05_300_users,train,2026-06-17 21:50:00,77.0023460281962
train_05_300_users,train,2026-06-17 21:50:05,78.96598289499067
train_05_300_users,train,2026-06-17 21:50:10,78.96598289499067
train_05_300_users,train,2026-06-17 21:50:15,78.96598289499067
train_05_300_users,train,2026-06-17 21:50:20,81.81304838849796
train_05_300_users,train,2026-06-17 21:50:25,81.81304838849796
train_05_300_users,train,2026-06-17 21:50:30,81.81304838849796
train_05_300_users,train,2026-06-17 21:50:35,75.0867778274665
train_05_300_users,train,2026-06-17 21:50:40,75.0867778274665
train_05_300_users,train,2026-06-17 21:50:45,75.08677782746652
train_05_300_users,train,2026-06-17 21:50:50,76.03345384849936
train_05_300_users,train,2026-06-17 21:50:55,76.03345384849936
train_05_300_users,train,2026-06-17 21:51:00,76.03345384849936
train_05_300_users,train,2026-06-17 21:51:05,70.87403765284337
train_05_300_users,train,2026-06-17 21:51:10,72.40325427230854
train_05_300_users,train,2026-06-17 21:51:15,72.40325427230854
train_05_300_users,train,2026-06-17 21:51:20,77.68356958130094
train_05_300_users,train,2026-06-17 21:51:25,76.42822640846616
train_05_300_users,train,2026-06-17 21:51:30,76.42822640846616
train_05_300_users,train,2026-06-17 21:51:35,74.67181719972501
train_05_300_users,train,2026-06-17 21:51:40,68.39734984627376
train_05_300_users,train,2026-06-17 21:51:45,68.39734984627376
train_05_300_users,train,2026-06-17 21:51:50,64.82146354200665
train_05_300_users,train,2026-06-17 21:51:55,66.19048662386889
train_05_300_users,train,2026-06-17 21:52:00,66.19048662386889
train_05_300_users,train,2026-06-17 21:52:05,66.19048662386889
train_05_300_users,train,2026-06-17 21:52:10,64.68962266172404
train_05_300_users,train,2026-06-17 21:52:15,64.68962266172406
train_05_300_users,train,2026-06-17 21:52:20,64.68962266172406
train_05_300_users,train,2026-06-17 21:52:25,72.23549858787747
train_05_300_users,train,2026-06-17 21:52:30,72.23549858787747
train_05_300_users,train,2026-06-17 21:52:35,72.23549858787747
train_05_300_users,train,2026-06-17 21:52:40,68.9102221462017
train_05_300_users,train,2026-06-17 21:52:45,68.9102221462017
train_05_300_users,train,2026-06-17 21:52:50,68.9102221462017
train_05_300_users,train,2026-06-17 21:52:55,69.90927970269975
train_05_300_users,train,2026-06-17 21:53:00,69.90927970269975
train_05_300_users,train,2026-06-17 21:53:05,69.90927970269975
train_05_300_users,train,2026-06-17 21:53:10,60.35241345266458
train_05_300_users,train,2026-06-17 21:53:15,60.35241345266458
train_05_300_users,train,2026-06-17 21:53:20,60.35241345266458
train_05_300_users,train,2026-06-17 21:53:25,64.29942418426104
train_05_300_users,train,2026-06-17 21:53:30,64.29942418426104
train_05_300_users,train,2026-06-17 21:53:35,64.29942418426104
train_05_300_users,train,2026-06-17 21:53:40,60.54374648253171
train_05_300_users,train,2026-06-17 21:53:45,60.54374648253171
train_05_300_users,train,2026-06-17 21:53:50,60.54374648253171
train_05_300_users,train,2026-06-17 21:53:55,58.23594266813673
train_05_300_users,train,2026-06-17 21:54:00,58.23594266813673
train_05_300_users,train,2026-06-17 21:54:05,58.23594266813673
train_05_300_users,train,2026-06-17 21:54:10,47.80506755298485
train_05_300_users,train,2026-06-17 21:54:15,47.80506755298485
train_05_300_users,train,2026-06-17 21:54:20,47.80506755298485
train_05_300_users,train,2026-06-17 21:54:25,49.55963901272154
train_05_300_users,train,2026-06-17 21:54:30,49.55963901272154
train_05_300_users,train,2026-06-17 21:54:35,49.55963901272154
train_05_300_users,train,2026-06-17 21:54:40,52.83201549136679
train_05_300_users,train,2026-06-17 21:54:45,57.85353751390195
train_05_300_users,train,2026-06-17 21:54:50,57.85353751390195
train_05_300_users,train,2026-06-17 21:54:55,67.00679166802065
train_05_300_users,train,2026-06-17 21:55:00,71.83117053349062
train_05_300_users,train,2026-06-17 21:55:05,71.83117053349062
train_05_300_users,train,2026-06-17 21:55:10,74.54829065384115
train_05_300_users,train,2026-06-17 21:55:15,72.94609926018592
train_05_300_users,train,2026-06-17 21:55:20,72.94609926018592
train_05_300_users,train,2026-06-17 21:55:25,75.64069037656905
train_05_300_users,train,2026-06-17 21:55:30,64.23527347690688
train_05_300_users,train,2026-06-17 21:55:35,64.23527347690688
train_05_300_users,train,2026-06-17 21:55:40,64.23527347690688
train_05_300_users,train,2026-06-17 21:55:45,53.41926090866269
train_05_300_users,train,2026-06-17 21:55:50,53.41926090866269
train_05_300_users,train,2026-06-17 21:55:55,53.41926090866269
train_05_300_users,train,2026-06-17 21:56:00,54.147240594166746
train_05_300_users,train,2026-06-17 21:56:05,54.147240594166746
train_05_300_users,train,2026-06-17 21:56:10,54.147240594166746
train_05_300_users,train,2026-06-17 21:56:15,58.63869899367332
train_05_300_users,train,2026-06-17 21:56:20,58.63869899367332
train_05_300_users,train,2026-06-17 21:56:25,58.63869899367332
train_05_300_users,train,2026-06-17 21:56:30,66.96525633778319
train_05_300_users,train,2026-06-17 21:56:35,66.96525633778319
train_05_300_users,train,2026-06-17 21:56:40,66.96525633778319
train_05_300_users,train,2026-06-17 21:56:45,64.1571615057031
train_05_300_users,train,2026-06-17 21:56:50,64.1571615057031
train_05_300_users,train,2026-06-17 21:56:55,64.1571615057031
train_05_300_users,train,2026-06-17 21:57:00,71.32237187336014
train_05_300_users,train,2026-06-17 21:57:05,71.32237187336014
train_05_300_users,train,2026-06-17 21:57:10,71.32237187336014
train_05_300_users,train,2026-06-17 21:57:15,72.80934793408065
train_05_300_users,train,2026-06-17 21:57:20,72.80934793408065
train_05_300_users,train,2026-06-17 21:57:25,72.80934793408065
train_05_300_users,train,2026-06-17 21:57:30,78.9831847916758
train_05_300_users,train,2026-06-17 21:57:35,78.9831847916758
train_05_300_users,train,2026-06-17 21:57:40,78.9831847916758
train_05_300_users,train,2026-06-17 21:57:45,80.3168161288211
train_05_300_users,train,2026-06-17 21:57:50,73.8486595375351
train_05_300_users,train,2026-06-17 21:57:55,73.8486595375351
