timestamp,rps_total,adservice_cpu,adservice_memory,cartservice_cpu,cartservice_memory,checkoutservice_cpu,checkoutservice_memory,currencyservice_cpu,currencyservice_memory,emailservice_cpu,emailservice_memory,frontend_cpu,frontend_memory,paymentservice_cpu,paymentservice_memory,productcatalogservice_cpu,productcatalogservice_memory,recommendationservice_cpu,recommendationservice_memory,redis-cart_cpu,redis-cart_memory,shippingservice_cpu,shippingservice_memory
2026-04-26 23:18:00,19.698924094642084,0.2672231503368344,225099776.0,0.3264439228019463,134598656.0,0.0679084258207421,61251584.0,0.4158225907736179,123125760.0,0.0402935658243081,114323456.0,0.5073257491391582,148623360.0,0.0385328885901347,86908928.0,0.1761256284947859,56836096.0,0.2497557850382195,115597312.0,0.0297824714470396,48439296.0,0.0348084006033313,59568128.0
2026-04-26 23:18:05,25.49131208381697,0.2971631278290704,224276480.0,0.3264439228019463,134598656.0,0.0747717424852031,57114624.0,0.3949606406022072,123125760.0,0.0467356635864483,114278400.0,0.5194156833998975,148623360.0,0.037224237318053,87179264.0,0.2059550360649539,57065472.0,0.2723389660665501,115597312.0,0.0341579458109523,45764608.0,0.0348084006033313,59568128.0
2026-04-26 23:18:10,28.421138788767387,0.3332977873518745,224276480.0,0.3149445481166744,135221248.0,0.0938195497284423,57114624.0,0.4377903485978468,124542976.0,0.0495850816879409,114278400.0,0.6333693325616063,148623360.0,0.0516343487326521,87179264.0,0.2059550360649539,57065472.0,0.2721317578673498,111206400.0,0.0341579458109523,45764608.0,0.0370368783799242,61222912.0
2026-04-26 23:18:15,31.55513216038447,0.3317251495991316,224276480.0,0.2999115145318483,138108928.0,0.0897506367770474,57114624.0,0.4452089010467802,128159744.0,0.0415347730012506,114274304.0,0.6397428969505559,168529920.0,0.0516343487326521,87179264.0,0.2156849487811921,57065472.0,0.2550202228496782,111206400.0,0.033420019688544,45772800.0,0.0419343325766987,62160896.0
2026-04-26 23:18:20,36.53722686799832,0.3114509982091852,221655040.0,0.3191208321435564,138108928.0,0.1015489454433816,57114624.0,0.4497242451159457,128159744.0,0.0413067677265164,114323456.0,0.6024092303287797,168529920.0,0.04498607034621,87384064.0,0.230264868838329,57065472.0,0.3055905716866732,111210496.0,0.0338952782568233,45772800.0,0.0419343325766987,62160896.0
2026-04-26 23:18:25,37.80913126188967,0.3487537396326063,238706688.0,0.2989360221930481,138096640.0,0.0878841274892137,57135104.0,0.4234158261488864,130048000.0,0.0439117225888831,114323456.0,0.6568978253480282,177344512.0,0.0409363108343613,87470080.0,0.2242787029320315,56287232.0,0.3149118331288232,116359168.0,0.0324967851610661,45805568.0,0.0428512983709479,62582784.0
2026-04-26 23:18:30,42.0447948177346,0.3653044371741276,239738880.0,0.2895926930988926,138440704.0,0.0939914272493478,57659392.0,0.4530952241687119,131555328.0,0.0439117225888831,114323456.0,0.6659650253075722,175874048.0,0.0289585528448899,87470080.0,0.2242787029320315,56287232.0,0.3137506474603412,116359168.0,0.0324967851610661,45805568.0,0.0417555345222033,62726144.0
2026-04-26 23:18:35,52.12763728550776,0.3697510985734613,229859328.0,0.1937360745782846,138440704.0,0.0901513005700112,57499648.0,0.4027022772393923,131555328.0,0.0473462093040134,115539968.0,0.6659650253075722,175874048.0,0.0262755087976916,87654400.0,0.2292967329254748,56287232.0,0.295142744286399,116359168.0,0.0335767749308941,45817856.0,0.04761477498038,65490944.0
2026-04-26 23:18:40,52.12763728550776,0.3524265520236692,229859328.0,0.1871202534461525,139493376.0,0.0901513005700112,57499648.0,0.4552452709473638,131555328.0,0.0453230995487523,115539968.0,0.6785328663583527,174424064.0,0.0315690794251969,90337280.0,0.2422222482052256,59162624.0,0.2758370714094821,118796288.0,0.034096945345343,48218112.0,0.04761477498038,65490944.0
2026-04-26 23:18:45,52.12763728550776,0.3439746360866768,229859328.0,0.2144254508477421,139550720.0,0.0909634766179134,59740160.0,0.3982000893218279,131555328.0,0.0453230995487523,115539968.0,0.5536036665039247,174424064.0,0.0272726663897448,90337280.0,0.2398518233741388,59162624.0,0.2811158180659457,57466880.0,0.0339637936090077,48234496.0,0.0460314433426444,65490944.0
2026-04-26 23:18:50,57.10706428746028,0.3147569047690692,229859328.0,0.2144254508477421,139550720.0,0.0919658020289134,60203008.0,0.443900040489519,142376960.0,0.0430922994800303,115503104.0,0.6495436485241382,180502528.0,0.0285052143905825,90337280.0,0.2398518233741388,59162624.0,0.2656525752335069,57466880.0,0.0323165946899402,48234496.0,0.0370355781157927,66162688.0
2026-04-26 23:18:55,56.23811033608117,0.2853777152793054,234852352.0,0.1572595587478019,140484608.0,0.0872669454017438,60203008.0,0.4555969615510306,142376960.0,0.0487926745975375,115503104.0,0.6495436485241382,180502528.0,0.0263113201205397,90501120.0,0.1960686762988991,59224064.0,0.275505835646901,73031680.0,0.0323165946899402,48234496.0,0.0495637881176794,66469888.0
2026-04-26 23:19:00,56.23811033608117,0.2861008727902649,234852352.0,0.1645459977308863,140918784.0,0.0868890236530134,60289024.0,0.4662786877659296,142471168.0,0.0454651990042947,115580928.0,0.6376139618385813,179924992.0,0.0301572793215857,90726400.0,0.1839670978949426,59293696.0,0.2204772026284028,73031680.0,0.0301289089931556,48418816.0,0.0495637881176794,66469888.0
2026-04-26 23:19:05,63.56527582625695,0.2469377602723425,234852352.0,0.180281142946873,140918784.0,0.0873142643565773,61014016.0,0.4743103771224792,142888960.0,0.0477472739898438,115580928.0,0.6716298819075468,179924992.0,0.031307474161044,90726400.0,0.1440506783823082,59293696.0,0.2204772026284028,72916992.0,0.0314075422428829,48418816.0,0.0490963024851345,66514944.0
2026-04-26 23:19:10,64.05798315807114,0.2746005509568536,237162496.0,0.1887467452682232,142864384.0,0.1096756175084223,61014016.0,0.4756875288604363,142888960.0,0.0491114603382165,115634176.0,0.6856343518397935,183336960.0,0.031307474161044,90726400.0,0.1681215795009863,59293696.0,0.2152491333160389,58228736.0,0.0314470347914725,48422912.0,0.0504162909755978,66711552.0
2026-04-26 23:19:15,64.05798315807114,0.2746005509568536,237162496.0,0.1849629790865131,142864384.0,0.1049157541140924,61014016.0,0.4889039101251027,142786560.0,0.0510269802035703,115810304.0,0.6835648898461314,183336960.0,0.0360752982463883,91066368.0,0.1313880467016697,59604992.0,0.2152491333160389,58228736.0,0.0302259369717389,48422912.0,0.0502950197018237,66711552.0
2026-04-26 23:19:20,59.44525904203324,0.2470527503940833,237162496.0,0.1765037664305347,143376384.0,0.109615035988913,61112320.0,0.4889039101251027,142786560.0,0.0508218889086694,115879936.0,0.6835648898461314,183336960.0,0.0358049365789603,91066368.0,0.1309160428484309,60076032.0,0.2152491333160389,58228736.0,0.0309948251491538,49524736.0,0.0502950197018237,66711552.0
2026-04-26 23:19:25,52.99863293245894,0.1968890797353148,237355008.0,0.1550075809727414,143347712.0,0.1088689037867442,61112320.0,0.3479319143620329,142786560.0,0.0508218889086694,115879936.0,0.6215185314289877,181895168.0,0.0356277348654301,91267072.0,0.0750200123270049,60076032.0,0.1521260524984653,68763648.0,0.0276207002558608,49520640.0,0.0459601758689148,66711552.0
2026-04-26 23:19:30,52.99863293245894,0.2016744750412276,238010368.0,0.1523286427563601,143347712.0,0.1105673451049089,61112320.0,0.3865561649954868,142606336.0,0.0508218889086694,115879936.0,0.5264984481465252,181895168.0,0.0411606233993513,97083392.0,0.0750200123270049,60076032.0,0.1922887661141804,66441216.0,0.0276207002558608,49520640.0,0.0396540760274637,66994176.0
2026-04-26 23:19:35,52.112288847481445,0.235538065899297,238010368.0,0.1525893692708093,144793600.0,0.0975507680918526,61603840.0,0.4942059518108634,142835712.0,0.046572425053981,116412416.0,0.6060609863973923,181895168.0,0.0411896400156852,97083392.0,0.0827825035422584,61169664.0,0.1922887661141804,66441216.0,0.0280213727464521,49504256.0,0.0403621939159151,66994176.0
2026-04-26 23:19:40,52.74734482686386,0.2188102423623278,238010368.0,0.1531245313138285,144793600.0,0.1119966481316108,62443520.0,0.497972039613375,143183872.0,0.0536988605764706,116363264.0,0.6487859726172964,181362688.0,0.048985225615115,97083392.0,0.086914673712403,61169664.0,0.1545104331982811,66441216.0,0.0241097897006246,49504256.0,0.0409008288780832,67186688.0
2026-04-26 23:19:45,52.747344826863866,0.2312599606864795,238653440.0,0.1469225805212385,144793600.0,0.1110343331853196,62443520.0,0.5013141343919753,143450112.0,0.0536988605764706,116363264.0,0.6539312700696157,181207040.0,0.069531583605025,91459584.0,0.086914673712403,61169664.0,0.117570083839012,46354432.0,0.0295548901286906,49504256.0,0.0409008288780832,67186688.0
2026-04-26 23:19:50,52.747344826863866,0.2031316307422409,238653440.0,0.1314339528114659,144793600.0,0.1086657925800669,62472192.0,0.492795414305376,143450112.0,0.0538841546643979,116363264.0,0.5545315767214908,181207040.0,0.069531583605025,91459584.0,0.086914673712403,61169664.0,0.117570083839012,46354432.0,0.0271857759458856,49512448.0,0.0384268908326313,67698688.0
2026-04-26 23:19:55,47.07212023093136,0.2053958368281152,239149056.0,0.1198212319678839,146092032.0,0.0933895670199972,62472192.0,0.492795414305376,143450112.0,0.0527852078331582,117243904.0,0.6090832761555149,182505472.0,0.0760419476057407,91459584.0,0.0696306516081345,60317696.0,0.0896420934320874,46354432.0,0.0271857759458856,49512448.0,0.0342866091358418,67698688.0
2026-04-26 23:20:00,51.01018358980453,0.2050356524277758,239366144.0,0.1172842329173511,146092032.0,0.1073981088764045,62304256.0,0.4402902786709869,104054784.0,0.0480976219802781,117297152.0,0.5993536022306056,182505472.0,0.0738330409137342,91553792.0,0.086343887496852,60317696.0,0.0735883150245685,46354432.0,0.0255419351646305,49512448.0,0.0344614550854942,67993600.0
2026-04-26 23:20:05,51.47248133404631,0.1945285330278548,239706112.0,0.1172842329173511,146092032.0,0.1056718921925948,62083072.0,0.3601494064624924,87769088.0,0.0480976219802781,117297152.0,0.5777854620304002,178929664.0,0.0632260308065793,91553792.0,0.0905337644154277,60530688.0,0.0603296059059819,46448640.0,0.0252054418540557,49520640.0,0.0322677137853782,68169728.0
2026-04-26 23:20:10,54.50154271990881,0.1891087848885402,239706112.0,0.1219167558913273,146907136.0,0.1056718921925948,62083072.0,0.3981081334202716,109301760.0,0.0422161867223473,117477376.0,0.6593119754941252,174723072.0,0.0617573901152589,91836416.0,0.0923752748898957,60669952.0,0.0140748153806977,46448640.0,0.0270193125190175,49577984.0,0.0319199573512259,68173824.0
2026-04-26 23:20:15,79.71110738817221,0.1669629314754042,239718400.0,0.1219167558913273,146907136.0,0.1056718921925948,62083072.0,0.3724740617542428,109301760.0,0.0415617449470441,117477376.0,0.6593119754941252,174723072.0,0.0560653246461716,91860992.0,0.0883514309373839,60669952.0,0.0129446776262096,46563328.0,0.0283270744564505,49856512.0,0.0330282704141472,68173824.0
2026-04-26 23:20:20,83.7702741944491,0.1669629314754041,239718400.0,0.1183184723701634,146907136.0,0.1019709473879403,64835584.0,0.3495749899922117,109301760.0,0.0354850526915764,117477376.0,0.6593119754941252,174723072.0,0.0560653246461716,91860992.0,0.0947242036857152,61366272.0,0.0129446776262096,46563328.0,0.0272898356661189,49856512.0,0.0330282704141472,68173824.0
2026-04-26 23:20:25,85.29346197687673,0.1257020911711808,239960064.0,0.0988695470294125,150417408.0,0.1001961286727292,65540096.0,0.3618523017761046,133558272.0,0.036279582906056,117809152.0,0.5136074556315513,174723072.0,0.0324351041060844,91967488.0,0.0947242036857152,61366272.0,0.0102910955767879,49242112.0,0.0222421428606488,49856512.0,0.0319314604051684,68173824.0
2026-04-26 23:20:30,91.21167562286271,0.0720084071363965,240648192.0,0.1061598406598765,151461888.0,0.1001961286727292,65540096.0,0.3126372931865537,133558272.0,0.0404793923436434,117805056.0,0.5128343240120075,184651776.0,0.0233774550106734,92168192.0,0.0947242036857152,61366272.0,0.0237510060144518,58560512.0,0.0267010653151109,49676288.0,0.0358267347256997,70041600.0
2026-04-26 23:20:35,71.2180864209768,0.0813047517361754,240648192.0,0.0867778097072096,151461888.0,0.0998665207529378,65716224.0,0.2940996456030099,133558272.0,0.0382935337466,117805056.0,0.5128343240120075,184651776.0,0.0233774550106734,92168192.0,0.0727731249999999,61366272.0,0.0598626183149945,72368128.0,0.0285918915273923,49676288.0,0.0358267347256997,70041600.0
2026-04-26 23:20:40,72.66096817287199,0.076586578720887,241344512.0,0.1147047244293643,152870912.0,0.1040821371869565,65179648.0,0.3211623743816104,141443072.0,0.0410635702112094,117977088.0,0.5115280730889578,185352192.0,0.0237758640628976,92172288.0,0.0980186871789631,61530112.0,0.1143990442559413,89419776.0,0.0285918915273923,49676288.0,0.036257532495083,70057984.0
2026-04-26 23:20:45,77.54058392225248,0.0778879649958317,243277824.0,0.1147047244293643,152870912.0,0.1040821371869565,65179648.0,0.3592861832732245,148963328.0,0.0455006779033544,117989376.0,0.4771034560963393,187461632.0,0.0220493188159934,92323840.0,0.0980186871789631,61530112.0,0.1443535623021699,91963392.0,0.0290225584774588,49688576.0,0.036257532495083,70057984.0
2026-04-26 23:20:50,78.52963995890038,0.0778879649958317,243277824.0,0.1147047244293643,152870912.0,0.1124005597765332,65511424.0,0.3725196410959098,148963328.0,0.0455006779033544,117989376.0,0.5010377015833536,187461632.0,0.0260697386075703,92323840.0,0.0980186871789631,61530112.0,0.1423706042408546,91963392.0,0.0318456077125709,49967104.0,0.0414224610065194,70066176.0
2026-04-26 23:20:55,78.52963995890038,0.0683565313240549,243277824.0,0.1143889585861847,152870912.0,0.1124005597765332,65511424.0,0.3550283542225532,148963328.0,0.0521179470634006,119066624.0,0.4925083734368982,185712640.0,0.0268030404005833,92344320.0,0.0943274257961514,61403136.0,0.1265186600239199,75476992.0,0.0318456077125709,49967104.0,0.0414224610065194,70066176.0
2026-04-26 23:21:00,44.6578778331753,0.1163565240951538,244133888.0,0.1313062885248193,162836480.0,0.111174597979717,65511424.0,0.3894320189693066,148377600.0,0.0557282537986259,119066624.0,0.4925083734368982,185712640.0,0.0290669085947767,92426240.0,0.0927165924743426,61956096.0,0.1689541817161415,70369280.0,0.0275057948279446,49967104.0,0.0475358589020182,70414336.0
2026-04-26 23:21:05,47.79849266164221,0.137087155649605,244133888.0,0.1313062885248193,162836480.0,0.1216777873927699,65622016.0,0.4545125944931192,150646784.0,0.0557282537986259,119066624.0,0.4451166796354062,189222912.0,0.0290669085947767,92426240.0,0.0878544556704194,61956096.0,0.2614486175548471,95899648.0,0.0303236241399821,50003968.0,0.0404448887954641,70471680.0
2026-04-26 23:21:10,47.79849266164221,0.1509413657362994,249139200.0,0.146335305974375,162836480.0,0.1168308198177927,65331200.0,0.4694706388902546,150646784.0,0.0591492168174726,118677504.0,0.4993672077103218,189222912.0,0.0302136893629242,92426240.0,0.0870437716180436,61915136.0,0.2757852118881633,95899648.0,0.0316975465531502,50003968.0,0.0443494608213524,70983680.0
2026-04-26 23:21:15,61.32176357358917,0.1959449065335426,254218240.0,0.1280893916855591,162836480.0,0.1168308198177927,65331200.0,0.444177061788613,149835776.0,0.0591492168174726,118677504.0,0.5719709366544401,189222912.0,0.0336228862331797,92680192.0,0.0880837062701977,62078976.0,0.3026233739734317,49188864.0,0.0330218026572938,50003968.0,0.0499958215454458,70983680.0
2026-04-26 23:21:20,64.75739545797369,0.1959449065335426,254218240.0,0.1414627702533997,162717696.0,0.1209039229173889,64954368.0,0.4785538413653785,150401024.0,0.0596212144828496,118632448.0,0.6043023577999104,183234560.0,0.0336228862331797,92680192.0,0.0759145937794001,62550016.0,0.316959968306748,49188864.0,0.0345052157300654,49917952.0,0.0505627773471727,70807552.0
2026-04-26 23:21:25,64.7573954579737,0.2121012121210056,250228736.0,0.1469459789653087,162717696.0,0.1275477968813519,65368064.0,0.4736111352551984,150401024.0,0.0583922621970399,118632448.0,0.6043023577999104,183234560.0,0.0337107276423364,92680192.0,0.0918315867998977,62550016.0,0.2421496728520077,49188864.0,0.0345052157300654,49917952.0,0.0528719646557225,70668288.0
2026-04-26 23:21:30,64.7573954579737,0.246977825245184,246177792.0,0.1469181240739729,162717696.0,0.1275477968813519,65368064.0,0.4635310697544362,150028288.0,0.0578873038877972,118607872.0,0.6160397724990234,183234560.0,0.0343142902036321,90144768.0,0.0925543018553367,62812160.0,0.1856932589465652,49188864.0,0.0330656459811926,49917952.0,0.0531552917016505,70668288.0
2026-04-26 23:21:35,62.1448212648946,0.246977825245184,246177792.0,0.1455085793784136,162713600.0,0.1224813365507301,65286144.0,0.4635310697544362,150028288.0,0.0578873038877972,118607872.0,0.5481796509805947,183234560.0,0.0343142902036321,90144768.0,0.0925543018553367,62812160.0,0.1856932589465652,49188864.0,0.0325362102410369,50180096.0,0.0551821754472335,70668288.0
2026-04-26 23:21:40,65.03694605677609,0.2439895883995553,246435840.0,0.1258856322741167,162996224.0,0.0991382740365364,65286144.0,0.4538591044789761,149516288.0,0.0541939660543227,118661120.0,0.5180285804728516,185040896.0,0.0351453702878915,90144768.0,0.0907882402134152,63107072.0,0.1173939349707397,49188864.0,0.0309091108702005,50446336.0,0.0433705474449401,70873088.0
2026-04-26 23:21:45,65.03694605677609,0.242386385356435,249184256.0,0.1335338228108183,162996224.0,0.1186540627511909,65355776.0,0.3599466520164054,149516288.0,0.0543427430974642,118697984.0,0.6400933635477207,185311232.0,0.038050250129769,92508160.0,0.0939635847409517,63537152.0,0.0409306745248857,49188864.0,0.0316897641213547,50446336.0,0.0500966818098178,70873088.0
2026-04-26 23:21:50,71.23229115779188,0.2369425511824285,249442304.0,0.140016236586367,159485952.0,0.125176943455683,65355776.0,0.4686812580770277,149970944.0,0.0551416723499015,118677504.0,0.6436557852117284,185798656.0,0.038050250129769,92508160.0,0.0939635847409517,63537152.0,0.0409306745248857,49188864.0,0.0320531567786366,50184192.0,0.0506269417301631,70873088.0
2026-04-26 23:21:55,72.92801474901535,0.2347681963127542,256372736.0,0.140016236586367,159485952.0,0.1271039872913305,65617920.0,0.4686812580770277,149970944.0,0.0562565855625631,118677504.0,0.6582043754654819,185798656.0,0.0383648847859464,92733440.0,0.0950738595489049,63131648.0,0.0340101087018599,49188864.0,0.0320531567786366,50184192.0,0.0530763515693169,71020544.0
2026-04-26 23:22:00,72.92801474901535,0.2156069678806103,256372736.0,0.1355927547803038,159485952.0,0.1360919798312451,65179648.0,0.4583753140163384,149970944.0,0.0507853051516687,118677504.0,0.6527905770903188,187326464.0,0.040568556521165,92786688.0,0.0963415318949072,63131648.0,0.0094018012858891,49188864.0,0.031030665980936,49991680.0,0.0531895611420951,71020544.0
2026-04-26 23:22:05,73.23780133826271,0.2088488309138923,256679936.0,0.1411155106972715,159666176.0,0.1349035633145225,65179648.0,0.3994086611300869,149970944.0,0.0515893215299282,118820864.0,0.609774727098004,187326464.0,0.040568556521165,92786688.0,0.0963415318949072,63131648.0,0.0081867490502613,49188864.0,0.0269150166253641,49991680.0,0.0521036172304786,71020544.0
2026-04-26 23:22:10,72.51719285728441,0.1846522154641456,256679936.0,0.1411155106972715,159666176.0,0.1364003311477717,65114112.0,0.4531910491730089,149950464.0,0.056112343292087,119238656.0,0.6423554277851775,185487360.0,0.035755249051548,92786688.0,0.0805070516022204,63131648.0,0.0074032656097706,49188864.0,0.0280898854646682,49995776.0,0.0492849445722435,71032832.0
2026-04-26 23:22:15,72.51719285728441,0.1687279253518608,247828480.0,0.1411155106972715,159666176.0,0.1403315214440849,65114112.0,0.4642232273717019,149950464.0,0.056112343292087,119238656.0,0.6635662980273497,185139200.0,0.0326380726587385,92815360.0,0.0803782800849209,63729664.0,0.0097104542612594,49188864.0,0.0280898854646682,49995776.0,0.0516626362127542,71041024.0
2026-04-26 23:22:20,73.68227956463251,0.1744130404457189,248008704.0,0.1422938271077918,160632832.0,0.1444426094088856,65114112.0,0.4727166149350568,149950464.0,0.058541498628604,119238656.0,0.5741057524243821,185139200.0,0.0431967890410021,93188096.0,0.1020278713026568,63741952.0,0.0097104542612594,49188864.0,0.032892754182252,50024448.0,0.0514238967125032,71045120.0
2026-04-26 23:22:25,83.30887593811582,0.1797942622688664,248008704.0,0.1557060653974092,161636352.0,0.1488430620707363,65589248.0,0.4448670132071718,149950464.0,0.061199433912729,118988800.0,0.6277419870505381,187379712.0,0.0431967890410021,93188096.0,0.1040233633096209,63315968.0,0.0093065393171145,49188864.0,0.0330916139016486,50032640.0,0.0571499025658189,71041024.0
2026-04-26 23:22:30,83.3088759381158,0.1775899557476085,248143872.0,0.1574687348678548,161812480.0,0.1684844225677958,65589248.0,0.4790529831801219,149778432.0,0.0624588340316488,118988800.0,0.7033405937165974,187379712.0,0.0437579700322086,93384704.0,0.1027516182483848,63315968.0,0.0092766725312402,49188864.0,0.0330916139016486,50032640.0,0.0571499025658189,71041024.0
2026-04-26 23:22:35,83.3088759381158,0.1611471689169059,248143872.0,0.1584689000489644,161812480.0,0.1628594899667198,65335296.0,0.4790529831801219,149778432.0,0.0624588340316488,118988800.0,0.7033405937165974,187379712.0,0.0382551560212086,93384704.0,0.0999892532404764,62906368.0,0.0092766725312402,49188864.0,0.0327269120939923,50032640.0,0.0509819367174318,71041024.0
2026-04-26 23:22:40,86.36391418617444,0.1627063354284664,248270848.0,0.1568251039140136,163516416.0,0.1500423122949878,65335296.0,0.4762823459296043,149778432.0,0.0603524506320154,118988800.0,0.624464251174665,187379712.0,0.0438341380390405,93597696.0,0.0959928118998843,62906368.0,0.0082812735493594,49188864.0,0.0321881109403355,50053120.0,0.0518308581444743,71053312.0
2026-04-26 23:22:45,88.84043607532212,0.1425967292939709,248270848.0,0.1512555423449466,165093376.0,0.1397808696568539,65335296.0,0.4690294958797287,150462464.0,0.0563405770869446,119001088.0,0.6948621244657165,182665216.0,0.043072754529211,93794304.0,0.0970992147448783,63287296.0,0.0071796046192992,49188864.0,0.0321881109403355,50053120.0,0.0542099343864635,71061504.0
2026-04-26 23:22:50,88.84043607532209,0.1447087831198499,248365056.0,0.157503220593086,165093376.0,0.1557015647286888,65826816.0,0.4187249226260967,150462464.0,0.0516559581037009,119001088.0,0.6982298241015403,182665216.0,0.0422391231927329,94203904.0,0.0970992147448783,63287296.0,0.0071796046192992,49188864.0,0.030863219947013,50049024.0,0.0542099343864635,71061504.0
2026-04-26 23:22:55,98.40474298637002,0.1475010038570588,248365056.0,0.1563106680905083,164384768.0,0.1487933012047947,65826816.0,0.4606349479806062,150487040.0,0.052620978158347,116776960.0,0.7009794642401315,184938496.0,0.0357399789446648,94339072.0,0.0803155697114006,63463424.0,0.0050733003775296,49188864.0,0.0305874564381546,50053120.0,0.0526953942601839,71065600.0
2026-04-26 23:23:00,96.17399321124752,0.1465466008598472,248512512.0,0.1556664018678016,163680256.0,0.1545099674105206,63471616.0,0.4606349479806062,150487040.0,0.056288509110705,116781056.0,0.6898936097605238,187830272.0,0.0409026824069318,94339072.0,0.090246273623634,63463424.0,0.0050087962505508,49188864.0,0.0274788952910235,50069504.0,0.0526560970370614,71086080.0
2026-04-26 23:23:05,96.17399321124752,0.1359305127778721,248512512.0,0.1489787294873278,163680256.0,0.1482774644996998,63471616.0,0.4580266919516153,149897216.0,0.0527676603140133,116781056.0,0.6898936097605238,187830272.0,0.0409026824069318,94339072.0,0.0885492383593927,63832064.0,0.0059577862625161,49188864.0,0.0274788952910235,50069504.0,0.0526560970370614,71086080.0
2026-04-26 23:23:10,92.44775754613224,0.1353632127487351,248700928.0,0.1469246446109173,163725312.0,0.1495215741541934,63426560.0,0.4306110323256032,147722240.0,0.0460260286363871,116781056.0,0.6545427582566236,187830272.0,0.0379789227383073,94531584.0,0.0930806019197044,63643648.0,0.0059577862625161,49188864.0,0.0257129051156127,50069504.0,0.0518007190214627,71086080.0
2026-04-26 23:23:15,87.25550425080756,0.1210445108966404,247336960.0,0.1469246446109173,163725312.0,0.1378937441786895,63426560.0,0.4306110323256032,147722240.0,0.0508772339963414,116805632.0,0.560120385438139,187215872.0,0.038206647017823,94777344.0,0.0906925140912815,63643648.0,0.0055775045648204,49188864.0,0.0238370364359323,50061312.0,0.0499702130308988,71294976.0
2026-04-26 23:23:20,87.25550425080756,0.1082451928819538,247336960.0,0.1397245038286936,163979264.0,0.1351617101495176,63623168.0,0.4373329250075471,147484672.0,0.0508772339963414,116805632.0,0.6559293221224125,184610816.0,0.0364866890796354,94777344.0,0.0916074306938738,63643648.0,0.0055775045648204,49188864.0,0.0220698849863896,50057216.0,0.0488863555551669,71495680.0
2026-04-26 23:23:25,83.92142486176031,0.122156569689085,247336960.0,0.1395408600817407,163979264.0,0.1187022169652675,63795200.0,0.446381155815183,146829312.0,0.0533637373320068,116805632.0,0.6484656502668411,184311808.0,0.0366390397746077,95064064.0,0.0923782281243983,63074304.0,0.0065081398315897,46829568.0,0.0259382726147126,50057216.0,0.04885973327021,71495680.0
2026-04-26 23:23:30,87.5267105208028,0.1268147828477341,247496704.0,0.1448439938858356,158728192.0,0.1392127485141034,63795200.0,0.3974384062257159,146829312.0,0.0538807390866895,116781056.0,0.6828255412770148,187199488.0,0.0367764726917214,95236096.0,0.0923782281243983,63074304.0,0.0065081398315897,46829568.0,0.0259552116646224,50061312.0,0.0491599353935355,71507968.0
2026-04-26 23:23:35,87.52671052080278,0.1268147828477341,247496704.0,0.1461086497037539,158580736.0,0.1384364274671206,63795200.0,0.4596924438267545,146829312.0,0.0538807390866895,116781056.0,0.6828255412770148,187199488.0,0.0367764726917214,95236096.0,0.091793096214972,63074304.0,0.0065081398315897,46829568.0,0.0266534917562301,46153728.0,0.049930316489388,70561792.0
2026-04-26 23:23:40,87.52671052080278,0.1079490550538451,247496704.0,0.1443948521421671,158580736.0,0.1314700418427278,63647744.0,0.448787131394308,147566592.0,0.0526218725248886,116781056.0,0.6517961259408422,187199488.0,0.0370031467910774,95236096.0,0.091793096214972,63074304.0,0.0061707481138078,46829568.0,0.0271589434080532,46153728.0,0.0492441988271962,70561792.0
2026-04-26 23:23:45,85.79285059578369,0.1191396867409279,247496704.0,0.1243428133335059,158580736.0,0.1314700418427278,63647744.0,0.420928223313891,147566592.0,0.0515175092566513,116809728.0,0.6548173151674515,188342272.0,0.0374821507665719,95404032.0,0.0920260784050028,64040960.0,0.005309983585554,46829568.0,0.0271589434080532,46153728.0,0.0485932918160936,70307840.0
2026-04-26 23:23:50,83.1648229649895,0.1177814051606306,246915072.0,0.1352082906103493,158932992.0,0.1219316763456704,63647744.0,0.4517808495725202,147566592.0,0.0515175092566513,116809728.0,0.6548173151674515,188342272.0,0.0365717274057196,95498240.0,0.0920260784050028,64040960.0,0.0064328349210176,46829568.0,0.0245053549872869,46153728.0,0.0471872784212855,70447104.0
2026-04-26 23:23:55,83.1648229649895,0.1177814051606306,246915072.0,0.1354254276332643,158932992.0,0.1277103331187018,63836160.0,0.4691023938969902,147488768.0,0.051263400109911,116805632.0,0.6457085769732218,186007552.0,0.0359277765426724,95498240.0,0.0913668526912686,64040960.0,0.0073259828989894,49545216.0,0.024294362275384,46153728.0,0.0475917100250689,70447104.0
2026-04-26 23:24:00,86.14312352887231,0.1232541964654753,246915072.0,0.1271927838901619,158932992.0,0.1292642847473001,63533056.0,0.4691023938969902,147488768.0,0.0515697216199143,116805632.0,0.5953268027204894,186007552.0,0.0365265682369066,95768576.0,0.0913668526912686,64040960.0,0.0073259828989894,49545216.0,0.0216110272572054,46415872.0,0.0453280833182676,70447104.0
2026-04-26 23:24:05,86.63579017960056,0.1207868469768639,247144448.0,0.1354607855463878,159420416.0,0.1292642847473001,63533056.0,0.4650954003384239,147488768.0,0.0507742762388351,116785152.0,0.67636346184407,186007552.0,0.0359233688601435,96100352.0,0.0926109239993406,62152704.0,0.0480944566627693,77836288.0,0.0214172620986233,46415872.0,0.0474527853843263,70471680.0
2026-04-26 23:24:10,86.63579017960056,0.1208188042985093,247144448.0,0.1322119616666499,159420416.0,0.1196206701560568,63533056.0,0.4612474578706033,147488768.0,0.0507742762388351,116785152.0,0.5723159571081515,186007552.0,0.0356590068539571,96100352.0,0.0927814942066902,62152704.0,0.0637078281302056,77836288.0,0.0263550001585972,47554560.0,0.0474527853843263,70471680.0
2026-04-26 23:24:15,82.6201247096222,0.1189598101013635,247144448.0,0.1322119616666499,159420416.0,0.1227032861476836,63307776.0,0.3897250323797959,147361792.0,0.0490742638416695,116785152.0,0.6402372550127171,186478592.0,0.0351230608967857,96182272.0,0.0927814942066902,62152704.0,0.1369091196073169,112173056.0,0.0253523857109336,47554560.0,0.043657943376793,70471680.0
2026-04-26 23:24:20,77.95219407777381,0.1060087736969124,247742464.0,0.1271137279397632,159461376.0,0.1084248116141036,63307776.0,0.44180924386077,147890176.0,0.0438175818637581,117231616.0,0.6289245907187919,186478592.0,0.0334353389420344,96272384.0,0.0975061792278778,63148032.0,0.1161554526790694,112173056.0,0.0251363853795878,47292416.0,0.0383485295818753,70483968.0
2026-04-26 23:24:25,77.95219407777381,0.1060087736969124,247742464.0,0.1195649595045599,160559104.0,0.1245746809467588,63307776.0,0.4457967958538666,147890176.0,0.0453868336957,117243904.0,0.6122446680160167,187301888.0,0.027836986410219,96272384.0,0.1251951824191494,64385024.0,0.1420287582046884,112173056.0,0.0236239225976431,47300608.0,0.042378620413763,70602752.0
2026-04-26 23:24:30,77.75945269073362,0.0941343915451692,247861248.0,0.1027064035821845,160559104.0,0.1176336561141796,63414272.0,0.4457967958538666,147890176.0,0.0429288058324471,117248000.0,0.6905211272725202,187322368.0,0.0302496207306122,96354304.0,0.1307284766346962,64385024.0,0.1835441356750801,116015104.0,0.0240555485965449,47300608.0,0.0418309245376264,70602752.0
2026-04-26 23:24:35,79.70680628272252,0.0993314412324857,247861248.0,0.1231499874331523,161566720.0,0.1176336561141796,63414272.0,0.4526601043322061,147742720.0,0.0429288058324471,117248000.0,0.6905211272725202,187322368.0,0.0322188468117431,96354304.0,0.1381738287534774,63602688.0,0.2506005803880203,116502528.0,0.0251806370414902,47300608.0,0.0402110682576486,70602752.0
2026-04-26 23:24:40,79.70680628272252,0.0993314412324857,247861248.0,0.1260845194338294,162455552.0,0.1105681462083199,63414272.0,0.4349435241654843,147742720.0,0.0437365492509222,117248000.0,0.6905211272725202,187322368.0,0.0324388966923875,93749248.0,0.1586321576066628,64843776.0,0.3201942640532852,116527104.0,0.0250501263831339,47316992.0,0.0453886842916354,70660096.0
2026-04-26 23:24:45,79.70680628272252,0.0990329752557392,247984128.0,0.1260845194338294,162455552.0,0.1105728120608154,63647744.0,0.4349435241654843,147742720.0,0.0317662096345885,117248000.0,0.6816788933058194,188223488.0,0.0293723928942982,93749248.0,0.1910207910564985,64843776.0,0.3276530312841614,118714368.0,0.0250501263831339,47316992.0,0.0455421104473399,70660096.0
2026-04-26 23:24:50,76.03982165760704,0.0675696393393391,247984128.0,0.1157775906141184,162672640.0,0.1105680216987017,63762432.0,0.4212236449122208,147636224.0,0.0413917385080846,117518336.0,0.6773286650118576,189992960.0,0.0296131055447026,94150656.0,0.1910207910564985,64843776.0,0.3404901036831936,118714368.0,0.0218338998688964,47316992.0,0.0445973485721348,70660096.0
2026-04-26 23:24:55,75.29374467494898,0.0902149362222168,248094720.0,0.1146969873604464,161804288.0,0.1094474470835958,63762432.0,0.3671914961850406,147636224.0,0.0407458301778612,117518336.0,0.7301053393362104,189992960.0,0.0300696982710651,94248960.0,0.192419796837456,65163264.0,0.3570483888738164,118714368.0,0.0209085888011157,47312896.0,0.0432490618093079,70266880.0
2026-04-26 23:25:00,75.29374467494898,0.0856520486838972,248094720.0,0.1146969873604464,161804288.0,0.1076398232763652,63762432.0,0.4296453617902381,147636224.0,0.0407458301778612,117518336.0,0.7478484794565867,183996416.0,0.0296191590437884,94248960.0,0.2017687275218424,64425984.0,0.33139854174433,117596160.0,0.0196620277330725,47312896.0,0.0440488794894584,70266880.0
2026-04-26 23:25:05,78.51883535486236,0.098887689411512,248193024.0,0.1157225822739533,161112064.0,0.1176822965097183,63750144.0,0.4432220613922664,147230720.0,0.041457241721396,117301248.0,0.7478484794565867,183996416.0,0.0306319008981742,94248960.0,0.225899854129051,64425984.0,0.3462713272904109,118087680.0,0.0198506413206421,47312896.0,0.0404238203451467,70266880.0
2026-04-26 23:25:10,77.16159309463453,0.0996004790982807,248299520.0,0.1285305771703919,161112064.0,0.1176822965097183,63750144.0,0.4432220613922664,147230720.0,0.0447084459894983,117272576.0,0.7478484794565867,183996416.0,0.0323482110582921,94613504.0,0.2276885270322222,64323584.0,0.3781050069726063,118087680.0,0.0231996712469913,47300608.0,0.0466842519662031,70291456.0
2026-04-26 23:25:15,77.16159309463453,0.0996004790982807,248299520.0,0.1208360310453458,161112064.0,0.1220061133682777,64172032.0,0.4400160563251811,147230720.0,0.0447084459894983,117272576.0,0.7229848399266638,185479168.0,0.0322875488997427,94613504.0,0.2276885270322222,64323584.0,0.3254126456512808,118087680.0,0.0231996712469913,47300608.0,0.0466842519662031,70291456.0
2026-04-26 23:25:20,74.0457781988204,0.0968673384929851,248299520.0,0.1087663683411569,161001472.0,0.1220061133682777,64172032.0,0.4232726156493067,145924096.0,0.0405477370360484,117272576.0,0.6044528293712865,185479168.0,0.032630535006214,94613504.0,0.2229047572453254,65019904.0,0.3532517140767117,117444608.0,0.0233326213307883,47300608.0,0.0463586121020665,70291456.0
2026-04-26 23:25:25,71.53328050713154,0.0859460306988564,246796288.0,0.0984695115137577,161001472.0,0.1153246321554671,64172032.0,0.3901034748387623,145924096.0,0.043125302433794,117551104.0,0.6866593830071024,185974784.0,0.0307921870315424,94965760.0,0.2194530762121614,65019904.0,0.3532517140767117,117444608.0,0.0200712087341987,47300608.0,0.03669710399766,70291456.0
2026-04-26 23:25:30,71.53328050713154,0.0886133210164848,244060160.0,0.1172804910043407,161173504.0,0.1262527687477314,64049152.0,0.4176909770955711,145948672.0,0.0434784483965401,117583872.0,0.6077990245746357,185974784.0,0.0309117093244784,95399936.0,0.2231196899418163,63479808.0,0.3502301565928254,117444608.0,0.0238144582452921,47321088.0,0.0435752080048539,70299648.0
2026-04-26 23:25:35,70.24452788716916,0.1013625029776175,244076544.0,0.123470391011046,161173504.0,0.1264857015314869,63672320.0,0.4322088962262033,145948672.0,0.0434784483965401,117583872.0,0.7260671091802471,184516608.0,0.0350637184205566,95744000.0,0.2156804217634355,63479808.0,0.3800910310443442,119750656.0,0.0244161408185849,47321088.0,0.0435752080048539,70299648.0
2026-04-26 23:25:40,71.8234357986431,0.1013625029776175,244076544.0,0.1254436930898921,161144832.0,0.1264857015314869,63672320.0,0.4370906112772971,145838080.0,0.0485183551367186,118120448.0,0.7395764272206056,185290752.0,0.0355483041315101,95744000.0,0.1943093509034058,63479808.0,0.3494573357277398,119750656.0,0.0265504605946727,47321088.0,0.0455260542715452,70303744.0
2026-04-26 23:25:45,71.8234357986431,0.0991684220654666,244174848.0,0.1349998501853102,161554432.0,0.1255049802459674,63852544.0,0.4370906112772971,145838080.0,0.0485183551367186,118120448.0,0.7385976636935734,186740736.0,0.0358374563079827,95952896.0,0.1979659357855367,63361024.0,0.3756615606250181,119750656.0,0.0289598660449883,47345664.0,0.0455260542715452,70303744.0
2026-04-26 23:25:50,71.8234357986431,0.0982101365617562,244174848.0,0.1335818467483442,161554432.0,0.128077617265277,63877120.0,0.4185427454340958,145739776.0,0.0450160666590452,118120448.0,0.7243590493724956,186740736.0,0.035948297997112,95952896.0,0.2277730237566924,64114688.0,0.3732112726014306,118947840.0,0.0278190232851419,47345664.0,0.0464216290225976,70311936.0
2026-04-26 23:25:55,70.7351324948101,0.1073253372906362,244248576.0,0.1282109131800422,163971072.0,0.128077617265277,63877120.0,0.4138984137025937,145739776.0,0.0472678533301132,118108160.0,0.7151544414859079,183996416.0,0.0304836118063904,95952896.0,0.2262576100479019,64114688.0,0.3700714332966756,117809152.0,0.0284576341429568,47345664.0,0.0460495501020686,70311936.0
2026-04-26 23:26:00,68.5903406726253,0.1073253372906362,244248576.0,0.1301954056936665,165191680.0,0.1250704270677988,63881216.0,0.4138984137025937,145739776.0,0.0460325454507371,117510144.0,0.5983985564478771,181706752.0,0.0346800941973608,96440320.0,0.2305846071861081,64258048.0,0.3767585203248754,117809152.0,0.0261720892960973,47357952.0,0.0458818014424811,70328320.0
2026-04-26 23:26:05,68.5903406726253,0.1061677366001501,242528256.0,0.1170345516007161,165191680.0,0.1223378324571661,63901696.0,0.3949487642765086,146432000.0,0.0434711727902844,117518336.0,0.7186878139129895,181706752.0,0.0332579150450685,96616448.0,0.2397610535037057,63721472.0,0.3883318879526274,117809152.0,0.0261720892960973,47357952.0,0.0470084684172566,70344704.0
2026-04-26 23:26:10,69.50645220475812,0.108599996952154,242528256.0,0.1364487427445596,164327424.0,0.1299589397026376,63901696.0,0.4171792070903057,146403328.0,0.0473632823815475,117542912.0,0.734357186079436,180162560.0,0.035194731402517,96616448.0,0.2339716479109936,63528960.0,0.4066745512330628,119586816.0,0.0267083278853796,47357952.0,0.0487330567878641,70344704.0
2026-04-26 23:26:15,70.50018867133454,0.1069374159170587,242548736.0,0.1196875445934368,164327424.0,0.1108876872744227,63979520.0,0.4394623349350372,146403328.0,0.0473632823815475,117542912.0,0.738654555223478,180162560.0,0.035718963351623,97030144.0,0.2432548894221501,63528960.0,0.4066745512330628,119586816.0,0.027478587702787,47378432.0,0.0487330567878641,70344704.0
2026-04-26 23:26:20,70.50018867133454,0.105238671858571,242569216.0,0.1348041009372138,164499456.0,0.1296038578807742,64061440.0,0.4105891572400205,146403328.0,0.0473632823815475,117542912.0,0.7000237322073489,180162560.0,0.035718963351623,97030144.0,0.2435183819213783,63528960.0,0.4020875536341921,119586816.0,0.027478587702787,47378432.0,0.0511037692304871,70361088.0
2026-04-26 23:26:25,68.31177567807234,0.1055725557074526,242569216.0,0.1294452736729525,164581376.0,0.1296038578807742,64061440.0,0.4167445820571736,145698816.0,0.0424245035300574,117547008.0,0.72582896218819,177356800.0,0.0334244134218583,97251328.0,0.2312858115136968,63741952.0,0.3584252742523054,119586816.0,0.0258145654847053,47378432.0,0.0503051278211646,70369280.0
2026-04-26 23:26:30,68.31177567807234,0.0999980164823869,242581504.0,0.1151162747355473,164691968.0,0.1227236629878127,63918080.0,0.4142063914168556,145698816.0,0.0424782078471929,117542912.0,0.7190685669157542,174632960.0,0.0312318592084006,97697792.0,0.1987905758900965,63741952.0,0.3643604141875446,119607296.0,0.0203062730465287,47378432.0,0.0446001907612889,70369280.0
2026-04-26 23:26:35,64.32551406872757,0.0932680522823253,242593792.0,0.1151162747355473,164691968.0,0.1088123914187134,63918080.0,0.4142063914168556,145698816.0,0.0454888708899846,117542912.0,0.7125752197653953,174632960.0,0.0270135292280242,97865728.0,0.2464903320071,63844352.0,0.4214084512717049,119230464.0,0.0244072305358286,47407104.0,0.0504221140211588,70402048.0
2026-04-26 23:26:40,64.16524077242728,0.1045163780625124,242638848.0,0.1061147997468826,164691968.0,0.1211961849798422,63918080.0,0.4329916626899279,146006016.0,0.04839629371889,117542912.0,0.7280667030124924,174632960.0,0.0292375959672679,96096256.0,0.2608217940705825,63410176.0,0.4214084512717049,119230464.0,0.0251649049291238,47407104.0,0.0503550370939143,70402048.0
2026-04-26 23:26:45,64.16524077242728,0.0940498399482851,242638848.0,0.1227621121797899,165355520.0,0.1115940059042557,63946752.0,0.4329916626899279,146006016.0,0.0470097510308374,117551104.0,0.7576614864683113,159387648.0,0.0313988572507213,96231424.0,0.2670473048657708,63311872.0,0.4316753137237584,119115776.0,0.0285655647137922,47423488.0,0.0503550370939143,70402048.0
2026-04-26 23:26:50,67.71848220085067,0.1119789219198076,241434624.0,0.1353666543921163,166014976.0,0.1275637827416052,64020480.0,0.4250772491054616,146096128.0,0.0470097510308374,117551104.0,0.7576614864683113,159387648.0,0.0321801509194303,96231424.0,0.2649868707026284,63311872.0,0.4334738516972372,118157312.0,0.0285655647137922,47423488.0,0.049331691498816,70414336.0
2026-04-26 23:26:55,67.71848220085067,0.1115563564877934,241434624.0,0.134779094317859,166014976.0,0.1275637827416052,64020480.0,0.415637154008672,146096128.0,0.0468625241687169,117551104.0,0.7494564262723563,159387648.0,0.0313099423736361,96751616.0,0.2649868707026284,63311872.0,0.4311455243522061,118157312.0,0.0274686234081949,47423488.0,0.049331691498816,70414336.0
2026-04-26 23:27:00,65.45054542121184,0.1115563564877934,241434624.0,0.1356017437100909,165720064.0,0.1163497890794224,64020480.0,0.3961226351941921,145977344.0,0.0386261585586909,117551104.0,0.5477144006901306,153325568.0,0.0274378683494995,97046528.0,0.2217950973997306,63107072.0,0.4311455243522061,118157312.0,0.0279613601677922,47423488.0,0.0451815818549964,70418432.0
2026-04-26 23:27:05,44.05993578308954,0.1050469308990495,241434624.0,0.1169192192796118,165720064.0,0.1003860811154686,64024576.0,0.3225178437052252,146194432.0,0.0380391686747454,117542912.0,0.5790841530298947,153325568.0,0.0257140909177939,97046528.0,0.2177580552114706,63107072.0,0.3282518332261425,118157312.0,0.0236884161166631,47415296.0,0.0446760278448541,70418432.0
2026-04-26 23:27:10,44.05993578308954,0.0839177090842251,241438720.0,0.1073283548690227,165335040.0,0.0865348534872507,64032768.0,0.2776841818482194,146202624.0,0.0291714062841714,117542912.0,0.439790703802779,153325568.0,0.0233778895260752,97124352.0,0.1663362003915472,63107072.0,0.2235463750462463,118661120.0,0.0223865815819451,47415296.0,0.0350583660119006,69238784.0
2026-04-26 23:27:15,37.06533031840127,0.072676594247275,241577984.0,0.0974851494740587,165167104.0,0.0723463036662014,64032768.0,0.2776841818482194,146202624.0,0.0324728519127899,117542912.0,0.3828482951390161,153329664.0,0.0212489591432027,97124352.0,0.1611678645525738,63107072.0,0.2205039264330273,118661120.0,0.0181737784608833,47415296.0,0.0350583660119006,69238784.0
2026-04-26 23:27:20,25.41591585299417,0.0684544742761232,241577984.0,0.094978481988907,165167104.0,0.0689000698213429,64032768.0,0.231744393801385,146444288.0,0.0255622241784531,117567488.0,0.3376736972771599,153329664.0,0.0202924542025978,97165312.0,0.1574985697356145,63102976.0,0.1837486722065524,119103488.0,0.0212924065948126,47415296.0,0.0243371435277696,69312512.0
2026-04-26 23:27:25,25.41591585299417,0.0684544742761232,241577984.0,0.0790002562624794,165167104.0,0.0689000698213429,64032768.0,0.1308244475232254,146444288.0,0.0219653889722574,117567488.0,0.2803926191290046,153329664.0,0.016336090057584,97165312.0,0.0970952298030836,63102976.0,0.1837486722065524,119103488.0,0.0177045744565025,47419392.0,0.0213038823263945,69312512.0
2026-04-26 23:27:30,25.41591585299417,0.0395328918170942,240201728.0,0.0241045956403062,165072896.0,0.0153656703738142,63082496.0,0.1176533024266636,146460672.0,0.0168558865036365,117567488.0,0.099910389421153,153329664.0,0.0131558233631274,97366016.0,0.0715718061946245,63107072.0,0.0859342593839374,119103488.0,0.0168615383652935,47681536.0,0.0213038823263945,69312512.0
2026-04-26 23:27:35,2.4750206251718767,0.0224491050484332,236675072.0,0.0214749345846236,165015552.0,0.0142818161323366,63082496.0,0.1023681846966709,146460672.0,0.0161889271868235,117567488.0,0.0675486753058236,151912448.0,0.0112170499243062,97366016.0,0.0539308294487161,63111168.0,0.0358535697039095,119103488.0,0.0136154439714965,47681536.0,0.0094822710720815,69382144.0
2026-04-26 23:27:40,1.6055500495540136,0.0082723961925887,236675072.0,0.0214749345846236,165015552.0,0.0142818161323366,63082496.0,0.0086428034280422,144650240.0,0.0129308905814002,117882880.0,0.0675486753058236,151912448.0,0.0073175815603102,97460224.0,0.0160250323434981,60502016.0,0.0289849929485804,117628928.0,0.0123164545945842,47681536.0,0.0070247454532358,69382144.0
2026-04-26 23:27:45,1.6055500495540136,0.0084346981750136,235327488.0,0.0130457419755146,163459072.0,0.0099815156620017,63180800.0,0.0086428034280422,144650240.0,0.012267745077286,117882880.0,0.0081801381039022,151912448.0,0.0066395522536199,97460224.0,0.0075617271514464,60502016.0,0.01257335281116,117628928.0,0.0098727701559496,47681536.0,0.0070247454532358,69382144.0
2026-04-26 23:27:50,0.0,0.0070543825662062,234242048.0,0.0103984101981726,163459072.0,0.006902308304676,63344640.0,0.0095162470493357,144654336.0,0.0121916534613264,117882880.0,0.0080047379619395,151920640.0,0.0067363989711414,97525760.0,0.0075617271514464,60502016.0,0.0117063641129469,117628928.0,0.0114103660131007,47681536.0,0.0048853007555833,69382144.0
2026-04-26 23:27:55,0.0,0.008576948422114,234242048.0,0.0103984101981726,163459072.0,0.006902308304676,63344640.0,0.0080485413559137,144654336.0,0.0121916534613264,117882880.0,0.0080513248377149,151924736.0,0.0066721675227854,97525760.0,0.0075888992150342,60637184.0,0.0102223336888544,117628928.0,0.0114352209528186,47681536.0,0.0071037706453893,69468160.0
2026-04-26 23:28:00,0.0,0.008576948422114,234242048.0,0.0104842050348803,163491840.0,0.0068551165211831,63541248.0,0.0086101175203842,144699392.0,0.0131371579109572,117895168.0,0.0082253376358864,151924736.0,0.0070441376851586,97779712.0,0.0075937193828154,60637184.0,0.0110541948303892,117194752.0,0.0118112869275781,46231552.0,0.007121065049831,69468160.0
2026-04-26 23:28:05,0.0,0.007983402306026,233033728.0,0.0098693408084132,163528704.0,0.0068915178698438,63541248.0,0.0085964056261604,144699392.0,0.0131146756452964,117895168.0,0.0076953184757027,151920640.0,0.007048032224968,97779712.0,0.0076180560721985,60637184.0,0.0115765198516125,117194752.0,0.0121672635802285,46231552.0,0.0070250887123663,69468160.0
2026-04-26 23:28:10,0.0,0.0083525566927142,232087552.0,0.0106119624591264,163528704.0,0.0060830058547822,63729664.0,0.0083698699944452,144707584.0,0.0128066522742905,117895168.0,0.0077051771511714,151920640.0,0.0061971503531929,97832960.0,0.0059171519717284,60776448.0,0.0116278966437033,117231616.0,0.0116915635435195,46231552.0,0.007198652801686,69468160.0
2026-04-26 23:28:15,0.0,0.0079890443157661,232087552.0,0.0102206489680284,163811328.0,0.0071000756804173,63926272.0,0.0083698699944452,144707584.0,0.0128066522742905,117895168.0,0.0057297092468001,151920640.0,0.0073844693688155,97832960.0,0.0073517693685886,60776448.0,0.0118657633729572,117231616.0,0.011659533518398,46231552.0,0.0069927922582921,69484544.0
2026-04-26 23:28:20,0.0,0.0075943895496001,232099840.0,0.0104969809448298,163811328.0,0.0071012675334523,64057344.0,0.0065231651490748,144797696.0,0.0119550937716905,118046720.0,0.0058024951580837,151920640.0,0.0071773490099319,98017280.0,0.0073937113827667,60780544.0,0.0118696436793404,117231616.0,0.0117190893889522,46231552.0,0.0067783583121025,69484544.0
2026-04-26 23:28:25,0.0,0.0075943895496001,232099840.0,0.0104337633126153,163807232.0,0.0070134188968215,64192512.0,0.0066153325680167,144838656.0,0.0120480277112769,118046720.0,0.0068386423272636,151937024.0,0.0072670873278391,98017280.0,0.0073011320483904,60780544.0,0.0118696436793404,117231616.0,0.0117475091690206,46231552.0,0.0068618552702674,69488640.0
2026-04-26 23:28:30,0.0,0.0074418829290427,232099840.0,0.0089457104151631,163807232.0,0.0068069105769475,64192512.0,0.0066926324244032,144838656.0,0.0118716573219954,118083584.0,0.0068905003592923,151932928.0,0.0074434113322953,98017280.0,0.0067509942409146,60776448.0,0.0124544394469143,117256192.0,0.0116998919019158,46231552.0,0.0068618552702674,69488640.0
2026-04-26 23:28:35,0.0,0.0067303585879315,232116224.0,0.0089847924804837,163807232.0,0.0068577465592713,64458752.0,0.0066926324244032,144838656.0,0.0117169941239618,118083584.0,0.0065642587776722,151932928.0,0.0071083105878365,98238464.0,0.0067423120101277,60776448.0,0.0124544394469143,117256192.0,0.0104602656540397,46235648.0,0.0067769589917948,69488640.0
2026-04-26 23:28:40,0.0,0.0067260017653193,232120320.0,0.0086369633197864,163807232.0,0.0068577465592713,64458752.0,0.0064230919865179,144932864.0,0.0101634866270483,118104064.0,0.0065642587776722,151932928.0,0.00541774362231,98238464.0,0.0049808064657612,60776448.0,0.0112150134041487,117256192.0,0.0082163001676577,46497792.0,0.0066665387108365,69488640.0
2026-04-26 23:28:45,0.0,0.006389745649116,232120320.0,0.0078549177834987,163823616.0,0.0066405579112474,64823296.0,0.0076630398926388,130105344.0,0.0101634866270483,118104064.0,0.0070752877123776,151941120.0,0.006554746080599,98238464.0,0.0057829135272005,60780544.0,0.0113750791403601,117256192.0,0.0104683250662241,46493696.0,0.0056457817743851,69492736.0
2026-04-26 23:28:50,0.0,0.0064802217650644,232120320.0,0.0092604426821701,163823616.0,0.0065895967961963,64823296.0,0.0084403264275153,130105344.0,0.0102817676455821,118104064.0,0.0072691081447104,151941120.0,0.0077606254876463,97484800.0,0.0058681490814622,60784640.0,0.012869027522269,117260288.0,0.0104683250662241,46493696.0,0.007611930804654,69492736.0
2026-04-26 23:28:55,0.0,0.0066146930952918,232128512.0,0.0093510232239286,163823616.0,0.006791708636615,65019904.0,0.0104682883566052,115449856.0,0.0102817676455821,118104064.0,0.0070885967542014,151941120.0,0.0080767074566753,97353728.0,0.0065767819712586,60837888.0,0.012869027522269,117260288.0,0.01059497097024,46493696.0,0.0078479300092571,69488640.0
2026-04-26 23:29:00,0.0,0.0066146930952918,232128512.0,0.0093521643540198,163794944.0,0.0054518616850689,65019904.0,0.011206811828461,115449856.0,0.0112096888386364,118108160.0,0.0070885967542014,151941120.0,0.0086148767017943,97353728.0,0.0065767819712586,60837888.0,0.0132249983206215,117260288.0,0.0107732119302582,46231552.0,0.0078825348825322,69488640.0
2026-04-26 23:29:05,0.0,0.0063553792144982,232128512.0,0.0092496995025948,163794944.0,0.007385792708565,65236992.0,0.011206811828461,115449856.0,0.0125087030660388,118108160.0,0.0075870488974233,151941120.0,0.0086148767017943,97353728.0,0.00650649368801,60837888.0,0.0133369526819002,117260288.0,0.009058231237796,46231552.0,0.0078825348825322,69488640.0
2026-04-26 23:29:10,0.0,0.011520558676766,233963520.0,0.0088549884100302,163766272.0,0.0074127732512405,65318912.0,0.0112155149847823,115458048.0,0.0126974280907345,118108160.0,0.0075438360705533,151941120.0,0.0075921361435554,97361920.0,0.0061728743650382,60887040.0,0.0126640998896751,115507200.0,0.010327443310714,46493696.0,0.007991610989235,69488640.0
2026-04-26 23:29:15,0.0,0.011520558676766,233963520.0,0.0088326945898668,163762176.0,0.0075771457516399,65318912.0,0.0093558580116593,115458048.0,0.012360231232443,118112256.0,0.0075438360705533,151941120.0,0.0075921361435554,97361920.0,0.0061728743650382,60887040.0,0.0127991189252489,115507200.0,0.0094644934080924,46493696.0,0.0079798561653853,69488640.0
2026-04-26 23:29:20,0.0,0.0135847162275105,233963520.0,0.0089701099128637,164323328.0,0.0076862553160909,65609728.0,0.0111043165013048,115675136.0,0.0124939057488738,118112256.0,0.0075162447773538,151023616.0,0.0088932768123127,97370112.0,0.0061734675077787,60887040.0,0.0130758204905418,115507200.0,0.0110573178396803,46493696.0,0.0076445297281411,69230592.0
2026-04-26 23:29:25,0.0,0.0134045891637845,232243200.0,0.0086639106703745,164323328.0,0.0082456121626847,65609728.0,0.0093935312529868,115695616.0,0.0130057566336633,118112256.0,0.0048806526943018,151023616.0,0.0093819501591205,97394688.0,0.0045060142464303,60891136.0,0.0133212993089282,115511296.0,0.0110847595224073,46239744.0,0.0054905955335999,69230592.0
2026-04-26 23:29:30,0.0,0.0159465709877115,232329216.0,0.0078392773622801,163942400.0,0.0082456121626847,65609728.0,0.0095377599773288,115695616.0,0.0133943664389961,118132736.0,0.0073520764894926,150134784.0,0.0093819501591205,97394688.0,0.0065966204277975,60948480.0,0.0134416939273115,115511296.0,0.0110847595224073,46239744.0,0.0070244548009332,69234688.0
2026-04-26 23:29:35,0.0,0.0178007285938814,232329216.0,0.0086863954996474,163942400.0,0.0078510163044059,65355776.0,0.0087252461505787,115961856.0,0.0133943664389961,118132736.0,0.0073520764894926,150134784.0,0.0082219679271514,97394688.0,0.0065966204277975,60948480.0,0.0131617914495517,115511296.0,0.0104552341066651,46239744.0,0.0070244548009332,69234688.0
2026-04-26 23:29:40,0.0,0.0200977359035141,232329216.0,0.0086863954996474,163942400.0,0.0078488527975279,65355776.0,0.0072492539489817,116006912.0,0.0121399212547797,118132736.0,0.0073520764894926,150134784.0,0.0080305615272171,97464320.0,0.0065102062887916,60948480.0,0.0130199769537563,115511296.0,0.010373582305053,46239744.0,0.0070244548009332,69234688.0
2026-04-26 23:29:45,0.0,0.016728154091409,232398848.0,0.0082397305991431,164073472.0,0.0074911792327032,65355776.0,0.0072560291071573,116006912.0,0.0105480417894529,118132736.0,0.0079492878112147,150183936.0,0.0080305615272171,97464320.0,0.0060899035991552,61349888.0,0.013787316050003,115507200.0,0.0090835121144686,46239744.0,0.0059617223139331,69234688.0
2026-04-26 23:29:50,0.0,0.0142057016304187,232398848.0,0.0086235589371108,164102144.0,0.0063459473629986,65355776.0,0.0072560291071573,116006912.0,0.0128886716415519,115912704.0,0.0080738873507464,150183936.0,0.0076227577960749,97501184.0,0.0060546938694037,61349888.0,0.0146206484280604,115507200.0,0.0111453276095428,46252032.0,0.0053676341839894,69234688.0
2026-04-26 23:29:55,0.0,0.0119842794002346,232407040.0,0.0072785796343959,164102144.0,0.0073726948673851,65363968.0,0.0089388661015487,116072448.0,0.0128886716415519,115912704.0,0.0081861855375673,150183936.0,0.0094671140261702,97501184.0,0.006318545426968,61349888.0,0.0143769569468233,115515392.0,0.0112765681917152,46252032.0,0.0072663278253648,69238784.0
2026-04-26 23:30:00,0.0,0.0119842794002346,232407040.0,0.0099596956032728,164360192.0,0.0073726948673851,65363968.0,0.0090769924891575,116105216.0,0.0134068207263035,115912704.0,0.0081582539768368,150183936.0,0.0090808731426475,97554432.0,0.0072834491211885,62013440.0,0.0141952356209292,115515392.0,0.0114032756661175,46252032.0,0.0075121073363855,69238784.0
